ID_number,timestamp,age,gender,relationship_status,occupation_status,org_affiliations,use_social_media,facebook,twitter,instagram,youtube,snapchat,discord,reddit,pinterest,tiktok,avg_time_per_day,how_often_use_sm_without_purpose,how_often_distracted_by_sm,feel_restless_wo_sm,how_easily_distracted,bothered_by_worries,difficult_to_concentrate,compare_self_to_others,feel_about_comparisons,seek_validation,feel_depressed,interest_in_daily_activ,sleep_issues,depression_construct,inattentive_construct,valid_seek_construct
1,4/18/2022 19:18,21,Male,In a relationship,University Student,University,Yes,Yes,Yes,Yes,Yes,No,Yes,Yes,No,No,Between 2 and 3 hours,5,3,2,5,2,5,2,3,2,5,4,5,11,13,7
2,4/18/2022 19:19,21,Female,Single,University Student,University,Yes,Yes,Yes,Yes,Yes,No,Yes,Yes,No,No,More than 5 hours,4,3,2,4,5,4,5,1,1,5,4,5,14,11,7
3,4/18/2022 19:25,21,Female,Single,University Student,University,Yes,Yes,No,Yes,Yes,No,No,No,Yes,No,Between 3 and 4 hours,3,2,1,2,5,4,3,3,1,4,2,5,11,8,7
4,4/18/2022 19:29,21,Female,Single,University Student,University,Yes,Yes,No,Yes,No,No,No,No,No,No,More than 5 hours,4,2,1,3,5,3,5,1,2,4,3,2,12,8,8
5,4/18/2022 19:33,21,Female,Single,University Student,University,Yes,Yes,No,Yes,Yes,No,No,No,No,No,Between 2 and 3 hours,3,5,4,4,5,5,3,3,3,4,4,1,13,14,9
6,4/18/2022 19:33,22,Female,Single,University Student,University,Yes,Yes,Yes,Yes,Yes,No,Yes,No,Yes,Yes,Between 2 and 3 hours,4,4,2,3,4,3,4,4,3,3,2,4,9,10,11
7,4/18/2022 19:36,21,Female,Married,University Student,University,Yes,Yes,No,Yes,Yes,Yes,No,No,No,Yes,Between 3 and 4 hours,4,3,2,2,4,3,5,3,4,5,5,3,14,8,12
8,4/18/2022 19:36,21,Female,In a relationship,University Student,University,Yes,Yes,No,Yes,Yes,No,No,No,No,No,More than 5 hours,5,2,3,3,3,1,1,3,1,5,5,1,13,6,5
9,4/18/2022 19:39,21,Female,In a relationship,University Student,University,Yes,Yes,No,Yes,Yes,No,No,No,No,No,More than 5 hours,5,2,3,3,1,1,1,3,1,5,5,1,11,6,5
10,4/18/2022 19:41,20,Male,Single,University Student,University,No,No,No,No,No,No,No,Yes,Yes,No,Less than an Hour,1,1,1,1,1,1,1,1,1,1,1,1,3,3,3
11,4/18/2022 19:44,24,Male,Single,University Student,University,Yes,Yes,No,Yes,Yes,No,Yes,No,No,No,Between 2 and 3 hours,5,5,2,4,3,5,4,2,3,5,4,5,12,14,9
12,4/18/2022 19:44,21,Female,Single,University Student,University,Yes,Yes,No,Yes,Yes,Yes,Yes,Yes,Yes,Yes,Between 3 and 4 hours,4,4,2,5,3,4,2,2,3,3,4,2,10,13,7
13,4/18/2022 19:56,22,Female,Single,University Student,University,Yes,Yes,Yes,Yes,Yes,Yes,Yes,Yes,Yes,No,Between 3 and 4 hours,3,4,2,4,4,2,4,2,1,3,1,5,8,10,7
14,4/18/2022 19:57,21,Female,Single,University Student,University,Yes,Yes,Yes,Yes,Yes,Yes,No,Yes,Yes,No,Between 3 and 4 hours,5,3,2,1,4,4,2,3,2,3,3,3,10,8,7
15,4/18/2022 19:59,22,Male,Single,University Student,University,Yes,Yes,No,No,Yes,No,No,No,Yes,No,More than 5 hours,5,5,5,5,5,5,5,5,5,5,5,5,15,15,15
16,4/18/2022 20:15,23,Male,In a relationship,University Student,Private,Yes,Yes,No,Yes,Yes,No,No,Yes,No,No,Between 1 and 2 hours,3,4,2,3,4,4,3,2,2,3,4,2,11,11,7
17,4/18/2022 20:15,21,Male,Single,University Student,University,Yes,Yes,No,No,Yes,No,Yes,No,No,No,Less than an Hour,2,2,1,2,4,2,1,3,1,4,1,3,9,6,5
18,4/18/2022 20:21,25,Male,Single,School Student,N/A,Yes,Yes,No,Yes,Yes,No,No,Yes,No,No,Between 4 and 5 hours,5,5,4,4,3,3,1,4,2,2,2,2,7,12,7
19,4/18/2022 20:22,28,Male,Single,University Student,University,Yes,Yes,No,No,Yes,No,Yes,Yes,No,No,Between 1 and 2 hours,3,4,2,4,5,5,2,3,1,3,3,1,11,13,6
20,4/18/2022 20:28,34,Male,Divorced,Salaried Worker,Private,Yes,Yes,Yes,Yes,Yes,No,No,No,No,No,Between 1 and 2 hours,2,4,3,3,4,1,1,5,3,2,2,2,8,8,9
21,4/18/2022 20:31,22,Male,In a relationship,University Student,"School, University",Yes,Yes,No,Yes,Yes,No,Yes,Yes,No,No,Between 2 and 3 hours,4,2,2,3,3,2,2,2,1,2,3,2,8,7,5
22,4/18/2022 20:32,23,Male,Single,University Student,University,Yes,Yes,Yes,Yes,Yes,No,Yes,Yes,No,Yes,More than 5 hours,3,2,4,2,4,2,5,2,1,3,3,1,10,6,8
23,4/18/2022 20:33,26,Female,Single,University Student,University,Yes,Yes,No,Yes,Yes,No,No,No,Yes,No,Between 3 and 4 hours,3,4,3,3,4,4,4,3,3,4,4,4,12,11,10
24,4/18/2022 20:35,23,Female,Married,University Student,University,Yes,Yes,No,Yes,Yes,Yes,No,No,Yes,No,Between 1 and 2 hours,3,2,2,4,4,3,3,2,3,4,4,1,12,9,8
25,4/18/2022 20:36,23,Male,Single,University Student,N/A,Yes,Yes,Yes,No,Yes,No,Yes,No,No,No,Between 3 and 4 hours,3,3,5,5,5,5,4,1,3,3,5,5,13,13,8
26,4/18/2022 20:38,35,Female,Married,Salaried Worker,"School, University",Yes,Yes,No,No,Yes,No,No,No,No,No,Between 3 and 4 hours,4,4,3,3,3,3,4,4,4,4,2,2,9,10,12
27,4/18/2022 20:38,20,Male,Single,University Student,University,Yes,Yes,No,Yes,Yes,No,Yes,No,No,No,Between 3 and 4 hours,4,4,3,3,3,4,2,3,3,4,3,4,10,11,8
28,4/18/2022 20:40,35,Male,Married,Salaried Worker,Company,Yes,Yes,Yes,Yes,Yes,No,No,No,No,No,Between 2 and 3 hours,2,4,4,4,4,4,4,4,4,4,4,5,12,12,12
29,4/18/2022 20:42,22,Female,In a relationship,University Student,University,Yes,Yes,No,Yes,Yes,Yes,Yes,No,Yes,Yes,Between 4 and 5 hours,3,4,3,4,5,4,4,3,2,4,4,1,13,12,9
30,4/18/2022 20:45,21,Female,Single,University Student,University,Yes,Yes,No,Yes,Yes,Yes,Yes,No,No,No,Between 3 and 4 hours,4,4,5,5,5,4,4,4,3,5,4,1,14,13,11
31,4/18/2022 20:49,22,Female,In a relationship,University Student,University,Yes,Yes,No,Yes,Yes,No,Yes,No,No,No,Between 3 and 4 hours,4,4,3,3,5,4,5,2,3,5,4,3,14,11,10
32,4/18/2022 20:50,35,Male,Married,Salaried Worker,Private,Yes,Yes,No,No,Yes,No,No,No,Yes,No,Between 2 and 3 hours,3,4,3,3,3,2,2,2,2,3,4,2,10,9,6
33,4/18/2022 20:52,24,Male,Single,Salaried Worker,Private,Yes,Yes,No,Yes,Yes,No,No,No,No,Yes,Between 2 and 3 hours,3,3,3,3,3,4,2,3,3,2,3,3,8,10,8
34,4/18/2022 20:53,18,Female,Single,School Student,"School, Private",Yes,Yes,No,Yes,Yes,No,Yes,No,Yes,No,Between 2 and 3 hours,4,3,3,3,4,3,3,2,4,3,3,2,10,9,9
35,4/18/2022 20:54,19,Female,Single,University Student,University,Yes,Yes,No,Yes,Yes,No,Yes,No,No,No,Between 3 and 4 hours,5,5,5,5,5,5,2,3,1,5,4,4,14,15,6
36,4/18/2022 20:55,21,Nonbinary ,Single,University Student,University,Yes,Yes,Yes,Yes,Yes,No,Yes,No,No,No,More than 5 hours,3,4,5,4,4,5,1,3,1,4,2,1,10,13,5
37,4/18/2022 20:55,21,Male,Single,University Student,University,Yes,Yes,No,Yes,No,No,No,No,No,No,Between 3 and 4 hours,5,3,4,3,2,3,5,3,4,3,3,1,8,9,12
38,4/18/2022 21:02,23,Male,Single,University Student,University,Yes,Yes,Yes,Yes,Yes,Yes,Yes,Yes,No,No,Less than an Hour,2,3,1,1,1,3,1,3,1,5,4,5,10,7,5
39,4/18/2022 21:22,22,Female,Single,University Student,University,Yes,Yes,No,Yes,Yes,Yes,No,No,Yes,No,Between 3 and 4 hours,4,5,5,4,4,4,2,3,3,2,2,5,8,13,8
40,4/18/2022 21:24,22,Male,Single,University Student,"University, Company",Yes,Yes,No,No,Yes,No,Yes,No,No,No,Between 2 and 3 hours,4,4,2,4,3,5,1,3,1,1,3,4,7,13,5
41,4/18/2022 21:32,21,Female,Single,University Student,University,Yes,Yes,No,Yes,Yes,Yes,No,No,No,No,Between 1 and 2 hours,1,1,1,1,1,1,2,1,2,3,3,1,7,3,5
42,4/18/2022 21:42,21,Female,Single,University Student,University,Yes,Yes,No,Yes,Yes,Yes,No,No,No,No,Between 3 and 4 hours,3,5,2,3,3,3,3,4,2,4,2,2,9,11,9
43,4/18/2022 21:48,56,Female,Married,Retired,N/A,Yes,No,No,No,Yes,No,No,No,No,No,Between 1 and 2 hours,1,1,1,1,3,1,1,3,1,2,3,1,8,3,5
44,4/18/2022 21:48,19,Female,Single,School Student,"School, University",Yes,Yes,No,Yes,Yes,Yes,No,No,Yes,No,More than 5 hours,3,2,4,4,5,4,5,2,1,5,4,2,14,10,8
45,4/18/2022 21:49,24,Male,Single,Salaried Worker,Private,Yes,No,Yes,No,No,No,Yes,Yes,No,No,More than 5 hours,5,1,1,3,3,3,1,3,3,3,3,3,9,7,7
46,4/18/2022 21:50,22,Female,In a relationship,University Student,University,Yes,Yes,No,Yes,Yes,No,No,No,No,No,More than 5 hours,4,5,4,4,5,2,3,3,3,3,2,3,10,11,9
47,4/18/2022 21:55,65,Male,Married,Retired,Goverment,Yes,Yes,No,No,Yes,No,No,No,No,No,Between 3 and 4 hours,5,3,2,2,2,1,3,4,3,1,3,2,6,6,10
48,4/18/2022 22:00,17,Female,Single,School Student,N/A,Yes,No,No,Yes,Yes,No,No,Yes,Yes,No,Between 3 and 4 hours,4,3,1,3,5,3,4,2,1,3,5,1,13,9,7
49,4/18/2022 22:04,40,Male,Married,Salaried Worker,"Company, Private",Yes,No,Yes,No,Yes,No,No,Yes,No,No,Between 2 and 3 hours,3,3,3,3,2,3,2,3,1,2,2,1,6,9,6
50,4/18/2022 22:07,33,Female,Single,Salaried Worker,School,Yes,Yes,No,No,Yes,No,No,No,No,No,Between 3 and 4 hours,3,3,1,3,2,1,2,2,1,1,1,1,4,7,5
51,4/18/2022 22:11,22,Female,Single,University Student,University,Yes,Yes,Yes,Yes,Yes,Yes,Yes,Yes,Yes,Yes,Between 3 and 4 hours,4,4,3,4,3,2,1,3,3,3,4,4,10,10,7
52,4/18/2022 22:20,24,Male,Single,Salaried Worker,Company,Yes,No,No,No,Yes,Yes,Yes,No,No,No,More than 5 hours,5,5,5,5,4,5,2,2,1,3,5,1,12,15,5
53,4/18/2022 22:23,26,Male,Single,University Student,University,Yes,Yes,No,No,No,No,No,No,No,No,Less than an Hour,3,5,3,5,5,5,5,5,5,5,5,5,15,15,15
54,4/18/2022 22:30,55,Male,Married,Salaried Worker,Private,Yes,No,No,No,No,No,Yes,Yes,No,No,Between 1 and 2 hours,3,2,1,3,2,1,1,3,1,1,2,1,5,6,5
55,4/18/2022 22:35,26,Male,In a relationship,Salaried Worker,Company,No,No,No,No,Yes,No,Yes,Yes,No,No,Between 1 and 2 hours,4,1,1,2,2,1,1,3,1,1,3,2,6,4,5
56,4/18/2022 22:39,27,Male,Single,University Student,University,Yes,Yes,Yes,Yes,Yes,Yes,No,Yes,No,Yes,More than 5 hours,2,5,5,4,4,5,3,3,4,5,2,3,11,14,10
57,4/18/2022 22:42,22,Male,Married,University Student,"School, University",Yes,Yes,No,Yes,Yes,Yes,Yes,Yes,No,No,More than 5 hours,3,2,1,2,4,2,1,3,1,3,4,2,11,6,5
58,4/18/2022 22:43,19,Female,Single,School Student,School,Yes,Yes,No,Yes,Yes,No,Yes,No,Yes,No,Between 2 and 3 hours,3,2,2,2,4,3,3,3,2,4,4,5,12,7,8
59,4/18/2022 22:51,22,Female,Married,University Student,University,Yes,Yes,Yes,Yes,Yes,Yes,Yes,Yes,Yes,Yes,Between 2 and 3 hours,4,5,2,4,4,4,3,3,4,5,4,2,13,13,10
60,4/18/2022 23:00,20,Female,Married,University Student,University,Yes,No,No,Yes,No,No,No,Yes,No,No,Between 1 and 2 hours,1,1,1,2,2,2,1,3,1,1,3,5,6,5,5
61,4/18/2022 23:05,25,Female,Single,University Student,University,Yes,Yes,Yes,Yes,Yes,No,Yes,No,No,No,More than 5 hours,4,3,3,4,4,4,2,2,2,4,3,4,11,11,6
62,4/18/2022 23:11,25,Female,Married,University Student,University,Yes,No,No,No,Yes,No,No,Yes,No,No,Between 1 and 2 hours,2,2,1,3,5,4,5,2,4,4,5,4,14,9,11
63,4/18/2022 23:12,18,Female,Single,University Student,University,Yes,Yes,No,Yes,Yes,No,No,No,Yes,No,More than 5 hours,4,4,3,5,4,3,1,3,1,5,4,5,13,12,5
64,4/18/2022 23:19,25,Male,Single,Salaried Worker,N/A,Yes,No,No,No,No,No,No,Yes,No,No,Between 1 and 2 hours,3,1,1,3,2,4,1,3,1,5,1,5,8,8,5
65,4/18/2022 23:23,19,Female,Single,University Student,N/A,Yes,No,No,No,No,No,Yes,Yes,No,No,Between 2 and 3 hours,2,3,1,5,3,5,1,3,1,1,5,4,9,13,5
66,4/18/2022 23:38,24,Male,In a relationship,School Student,University,Yes,No,No,No,Yes,No,Yes,Yes,No,No,Between 1 and 2 hours,3,2,4,3,2,2,1,3,2,2,4,4,8,7,6
67,4/18/2022 23:45,21,Male,In a relationship,University Student,University,Yes,Yes,No,Yes,No,No,No,Yes,No,Yes,Between 3 and 4 hours,5,5,5,5,5,5,5,2,4,4,4,1,13,15,11
68,4/19/2022 0:10,18,Non-binary,Single,School Student,School,Yes,No,Yes,Yes,Yes,No,No,Yes,No,Yes,Between 2 and 3 hours,2,1,2,3,5,3,2,3,2,4,2,4,11,7,7
69,4/19/2022 0:11,14,Male,Single,School Student,School,Yes,No,No,No,No,No,No,Yes,No,No,Between 1 and 2 hours,4,2,2,3,5,3,3,4,2,4,4,4,13,8,9
70,4/19/2022 0:15,25,Male,Single,University Student,University,Yes,No,No,No,Yes,Yes,Yes,Yes,No,No,Between 3 and 4 hours,4,4,3,3,3,2,3,2,2,3,4,4,10,9,7
71,4/19/2022 0:18,33,Male,Married,Salaried Worker,Private,Yes,No,No,Yes,Yes,No,No,No,No,No,Between 3 and 4 hours,2,4,3,2,2,2,1,1,1,1,2,2,5,8,3
72,4/19/2022 0:24,23,Male,Single,School Student,"University, Company",Yes,No,No,Yes,Yes,No,Yes,Yes,No,No,Between 2 and 3 hours,5,5,5,5,5,5,5,5,5,5,5,5,15,15,15
73,4/19/2022 0:28,14,Female,Single,School Student,School,Yes,No,Yes,Yes,Yes,Yes,No,Yes,Yes,Yes,More than 5 hours,4,4,2,2,4,2,4,2,4,4,4,5,12,8,10
74,4/19/2022 0:32,38,Male,Married,Salaried Worker,University,Yes,No,Yes,No,Yes,No,Yes,Yes,No,No,Between 1 and 2 hours,5,2,1,3,2,1,1,3,1,2,1,2,5,6,5
75,4/19/2022 1:16,23,Female,Single,Retired,N/A,Yes,Yes,No,No,Yes,No,Yes,Yes,No,No,Between 4 and 5 hours,4,4,3,3,4,5,3,2,4,5,5,4,14,12,9
76,4/19/2022 1:41,26,Male,Single,Salaried Worker,Company,Yes,No,No,No,No,No,No,Yes,No,No,Less than an Hour,2,1,1,3,2,1,1,1,1,2,3,4,7,5,3
77,4/19/2022 1:59,24,Male,Single,University Student,University,Yes,Yes,No,No,Yes,No,No,Yes,No,No,Between 2 and 3 hours,4,5,3,4,3,2,2,3,4,5,4,2,12,11,9
78,4/19/2022 2:06,21,Female,Single,University Student,University,Yes,Yes,Yes,Yes,Yes,Yes,Yes,No,No,Yes,Between 3 and 4 hours,4,3,4,4,5,4,5,1,2,4,4,2,13,11,8
79,4/19/2022 2:18,18,Female,Single,University Student,"University, Goverment, Private",Yes,Yes,No,No,Yes,No,No,Yes,No,No,Between 3 and 4 hours,4,3,3,3,5,5,4,3,1,5,5,5,15,11,8
80,4/19/2022 2:27,28,Male,Single,University Student,University,Yes,Yes,No,No,Yes,No,Yes,Yes,No,No,Between 3 and 4 hours,2,5,4,3,5,5,5,2,1,5,3,5,13,13,8
81,4/19/2022 2:58,22,Male,Single,University Student,N/A,Yes,No,Yes,Yes,Yes,Yes,Yes,Yes,No,No,Between 2 and 3 hours,4,4,4,5,5,5,3,3,1,4,4,5,13,14,7
82,4/19/2022 3:40,21,Male,Single,University Student,University,Yes,Yes,No,Yes,Yes,Yes,Yes,Yes,Yes,No,More than 5 hours,4,4,2,5,4,4,3,3,2,1,5,4,10,13,8
83,4/19/2022 4:53,21,Male,Single,University Student,University,Yes,No,No,Yes,Yes,Yes,Yes,Yes,No,No,More than 5 hours,5,5,3,5,4,5,2,3,2,4,5,2,13,15,7
84,4/19/2022 5:20,21,Female,In a relationship,University Student,"University, Company, Private",Yes,Yes,No,Yes,Yes,No,No,No,Yes,No,Between 4 and 5 hours,3,5,5,5,3,5,4,4,3,4,5,5,12,15,11
85,4/19/2022 6:31,17,Male,Single,School Student,School,Yes,Yes,Yes,Yes,Yes,No,No,Yes,No,No,Between 2 and 3 hours,4,4,3,4,5,4,3,2,4,2,4,2,11,12,9
86,4/19/2022 7:10,24,NB,Single,Salaried Worker,N/A,Yes,No,No,No,Yes,No,No,Yes,No,No,Between 2 and 3 hours,4,3,2,3,5,2,3,2,2,4,3,1,12,8,7
87,4/19/2022 8:27,22,Female,In a relationship,University Student,University,Yes,Yes,No,No,Yes,No,No,No,No,No,Between 1 and 2 hours,3,4,3,4,1,3,1,2,2,2,4,4,7,11,5
88,4/19/2022 8:36,32,Female,Married,Salaried Worker,Company,Yes,No,No,No,No,No,No,Yes,No,No,Between 1 and 2 hours,4,3,2,5,2,5,2,4,1,1,2,1,5,13,7
89,4/19/2022 8:38,22,Male,Single,University Student,University,Yes,Yes,No,No,Yes,No,No,No,No,No,Between 2 and 3 hours,5,4,2,2,1,3,1,3,5,3,2,2,6,9,9
90,4/19/2022 9:17,20,Female,In a relationship,University Student,University,Yes,Yes,No,Yes,Yes,Yes,No,No,Yes,No,Between 2 and 3 hours,4,5,4,5,5,5,4,2,4,5,5,4,15,15,10
91,4/19/2022 9:18,22,Male,In a relationship,University Student,University,Yes,Yes,No,Yes,Yes,Yes,No,No,No,No,Between 2 and 3 hours,3,5,2,4,4,4,2,3,2,4,4,3,12,13,7
92,4/19/2022 9:53,28,Female,Single,University Student,University,Yes,Yes,No,No,Yes,No,No,No,No,No,Between 3 and 4 hours,4,5,4,5,5,5,2,3,2,4,5,2,14,15,7
93,4/19/2022 9:57,22,Female,Single,University Student,University,Yes,Yes,Yes,Yes,Yes,Yes,No,No,No,No,More than 5 hours,4,3,3,4,5,4,1,3,2,4,2,1,11,11,6
94,4/19/2022 10:24,17,unsure ,Single,School Student,School,Yes,No,Yes,Yes,Yes,Yes,Yes,Yes,No,Yes,Between 4 and 5 hours,4,4,3,4,2,4,3,2,2,3,3,5,8,12,7
95,4/19/2022 10:25,30,Female,Single,Salaried Worker,University,Yes,No,No,Yes,No,No,No,No,No,No,Between 4 and 5 hours,4,5,3,2,4,4,3,3,3,4,4,4,12,11,9
96,4/19/2022 10:59,22,Male,Single,University Student,University,Yes,Yes,No,Yes,Yes,Yes,Yes,No,No,No,More than 5 hours,5,5,1,3,2,5,2,1,1,3,1,5,6,13,4
97,4/19/2022 13:52,14,Male,Single,School Student,School,Yes,No,No,Yes,Yes,No,Yes,No,No,No,Between 4 and 5 hours,5,5,2,4,2,3,1,3,1,1,3,5,6,12,5
98,4/19/2022 14:08,20,Male,Single,School Student,N/A,Yes,No,No,No,Yes,No,No,Yes,No,No,More than 5 hours,4,2,1,2,1,1,2,2,1,4,3,2,8,5,5
99,4/19/2022 14:21,22,Female,Single,School Student,University,Yes,Yes,No,Yes,Yes,No,No,No,Yes,No,More than 5 hours,4,4,4,4,4,5,5,3,4,5,5,3,14,13,12
100,4/19/2022 14:45,16,Male,Single,School Student,School,Yes,Yes,No,Yes,Yes,Yes,Yes,No,No,Yes,Between 4 and 5 hours,4,5,2,5,3,4,3,1,4,2,1,3,6,14,8
101,4/19/2022 16:36,22,Female,In a relationship,University Student,"University, Company",Yes,Yes,Yes,Yes,Yes,No,No,No,No,No,Between 2 and 3 hours,3,4,3,4,4,3,2,2,3,3,2,3,9,11,7
102,4/19/2022 19:13,22,Male,In a relationship,University Student,University,Yes,Yes,Yes,Yes,Yes,Yes,Yes,Yes,Yes,No,Between 1 and 2 hours,5,4,3,4,4,2,1,1,1,5,3,5,12,10,3
103,4/19/2022 19:30,22,Male,Single,University Student,University,Yes,No,No,Yes,No,No,No,No,No,No,Between 3 and 4 hours,3,4,3,3,4,3,2,3,3,4,3,3,11,10,8
104,4/19/2022 19:31,22,Male,Single,University Student,University,Yes,Yes,Yes,Yes,Yes,Yes,No,No,Yes,No,Between 1 and 2 hours,4,3,4,3,5,5,3,3,4,3,5,5,13,11,10
105,4/19/2022 19:39,21,Female,Single,University Student,University,Yes,Yes,No,Yes,Yes,Yes,No,No,Yes,No,Between 4 and 5 hours,2,3,4,3,3,3,3,4,4,1,3,3,7,9,11
106,4/19/2022 19:40,23,Female,Single,University Student,University,Yes,Yes,No,No,Yes,No,No,No,No,No,Between 4 and 5 hours,2,3,4,3,3,3,3,4,3,2,4,5,9,9,10
107,4/19/2022 20:10,23,Female,Single,University Student,University,Yes,Yes,No,Yes,No,No,No,No,No,Yes,Between 2 and 3 hours,3,2,2,4,2,2,1,3,3,3,4,5,9,8,7
108,4/19/2022 20:13,48,Female,Married,Salaried Worker,School,Yes,Yes,No,No,Yes,No,No,No,No,No,Between 1 and 2 hours,1,1,1,1,3,2,1,3,2,1,1,1,5,4,6
109,4/19/2022 20:16,21,Female,In a relationship,University Student,N/A,Yes,Yes,No,Yes,Yes,Yes,No,No,No,No,Between 3 and 4 hours,3,2,1,3,2,3,2,1,3,2,2,5,6,8,6
110,4/19/2022 20:20,47,Female,Married,Salaried Worker,Goverment,Yes,Yes,No,Yes,Yes,No,No,No,Yes,No,Between 2 and 3 hours,4,3,3,3,2,2,2,3,3,3,3,3,8,8,8
111,4/19/2022 20:24,48,Male,Married,Salaried Worker,Private,Yes,Yes,No,Yes,Yes,No,No,No,No,No,Between 2 and 3 hours,3,3,4,4,4,4,4,3,3,2,3,3,9,11,10
112,4/19/2022 20:31,26,Female,Single,Salaried Worker,Private,Yes,Yes,No,Yes,Yes,No,No,No,Yes,No,More than 5 hours,4,5,4,4,5,3,5,4,3,4,2,3,11,12,12
113,4/19/2022 20:39,47,Male,Married,Salaried Worker,Company,Yes,Yes,No,No,Yes,No,No,No,No,No,Between 2 and 3 hours,4,3,4,4,3,3,2,3,1,2,2,4,7,10,6
114,4/19/2022 20:42,47,Male,Married,Salaried Worker,"University, Private",Yes,Yes,No,Yes,No,Yes,No,No,No,No,Between 1 and 2 hours,2,4,3,3,3,3,3,3,2,2,3,4,8,10,8
115,4/19/2022 20:45,27,Female,Single,Salaried Worker,School,Yes,Yes,No,Yes,Yes,Yes,No,No,No,No,More than 5 hours,2,5,4,4,3,2,5,1,4,4,4,1,11,11,10
116,4/19/2022 20:52,34,Female,Married,Salaried Worker,School,Yes,Yes,No,No,No,No,No,No,No,No,More than 5 hours,5,5,4,5,3,1,3,3,3,2,5,4,10,11,9
117,4/19/2022 21:02,20,Female,Single,University Student,University,Yes,Yes,No,Yes,No,No,No,No,No,No,Between 2 and 3 hours,5,5,5,5,5,5,3,1,1,3,3,5,11,15,5
118,4/19/2022 21:07,22,Female,Single,University Student,University,Yes,Yes,No,No,No,No,No,No,No,No,More than 5 hours,5,4,5,4,5,4,3,3,4,3,3,4,11,12,10
119,4/19/2022 21:10,23,Female,In a relationship,University Student,University,Yes,Yes,No,Yes,Yes,Yes,Yes,No,No,Yes,More than 5 hours,5,5,5,5,5,4,5,5,4,5,4,5,14,14,14
120,4/19/2022 21:10,20,Male,Single,University Student,University,Yes,Yes,No,Yes,Yes,No,No,No,No,No,Between 4 and 5 hours,4,5,3,4,3,5,2,3,3,4,4,5,11,14,8
121,4/19/2022 21:12,48,Female,Married,Salaried Worker,Private,Yes,Yes,No,Yes,No,No,No,No,No,No,Less than an Hour,2,4,1,3,2,1,1,3,2,1,1,1,4,8,6
122,4/19/2022 21:12,20,Female,Single,University Student,University,Yes,Yes,No,Yes,Yes,No,No,No,No,Yes,Between 3 and 4 hours,4,3,1,2,4,2,4,2,1,3,3,3,10,7,7
123,4/19/2022 21:15,20,Female,Single,University Student,University,Yes,Yes,No,No,Yes,Yes,No,No,Yes,No,Between 4 and 5 hours,4,5,5,5,2,5,2,3,1,5,4,3,11,15,6
124,4/19/2022 21:15,22,Female,Single,University Student,University,Yes,Yes,No,Yes,Yes,Yes,No,No,No,No,More than 5 hours,4,5,4,5,5,5,3,1,1,4,2,2,11,15,5
125,4/19/2022 21:26,22,Female,Single,University Student,"University, N/A",Yes,No,No,Yes,No,No,No,No,No,No,More than 5 hours,5,5,3,3,2,3,4,5,4,1,4,1,7,11,13
126,4/19/2022 21:27,20,Female,Single,University Student,Goverment,Yes,Yes,No,Yes,Yes,Yes,No,No,No,No,More than 5 hours,4,4,3,5,4,3,2,2,2,4,5,3,13,12,6
127,4/19/2022 21:32,24,Male,Single,University Student,University,Yes,Yes,Yes,Yes,Yes,Yes,Yes,No,No,No,Between 2 and 3 hours,1,1,3,3,4,4,3,3,2,4,4,4,12,8,8
128,4/19/2022 21:38,23,Female,Single,University Student,University,Yes,Yes,No,Yes,Yes,Yes,No,No,Yes,Yes,More than 5 hours,3,2,4,3,5,3,5,1,4,4,2,5,11,8,10
129,4/19/2022 21:47,20,Female,Single,University Student,N/A,Yes,Yes,No,Yes,Yes,No,No,No,No,No,Between 3 and 4 hours,5,2,1,2,1,1,5,1,1,4,5,3,10,5,7
130,4/19/2022 21:48,16,Male,Single,School Student,School,Yes,No,No,Yes,Yes,Yes,No,No,Yes,No,Between 2 and 3 hours,3,1,2,3,3,2,2,4,1,3,3,2,9,6,7
131,4/19/2022 21:50,50,Female,Single,Salaried Worker,School,Yes,Yes,No,Yes,Yes,No,Yes,No,Yes,No,Between 2 and 3 hours,2,1,1,3,3,2,1,4,3,1,1,4,5,6,8
132,4/19/2022 21:51,47,Male,Married,Salaried Worker,Private,Yes,Yes,No,No,Yes,No,No,No,No,No,Between 1 and 2 hours,4,2,2,3,2,1,4,2,3,3,2,2,7,6,9
133,4/19/2022 21:55,24,Male,Single,Salaried Worker,Private,Yes,Yes,Yes,Yes,Yes,No,No,No,No,No,Between 2 and 3 hours,3,3,2,3,4,3,2,4,2,3,1,4,8,9,8
134,4/19/2022 21:57,38,Female,Married,Salaried Worker,School,Yes,Yes,No,No,No,No,No,No,No,No,Less than an Hour,3,2,3,2,2,1,3,1,1,2,1,1,5,5,5
135,4/19/2022 22:04,50,Male,Divorced,Salaried Worker,Private,No,No,No,Yes,Yes,No,No,No,No,No,Between 1 and 2 hours,2,1,1,2,2,2,1,4,1,2,2,1,6,5,6
136,4/19/2022 22:09,49,Male,Married,Retired,Private,Yes,Yes,Yes,Yes,Yes,No,No,No,Yes,No,Between 4 and 5 hours,5,5,3,3,4,3,3,3,3,4,4,5,12,11,9
137,4/19/2022 22:19,47,Female,Married,Salaried Worker,Goverment,Yes,Yes,No,No,Yes,No,No,No,Yes,No,Between 2 and 3 hours,3,3,3,3,3,2,1,3,1,1,1,4,5,8,5
138,4/19/2022 22:22,48,Female,Married,Salaried Worker,"Company, Private",Yes,Yes,Yes,Yes,Yes,No,No,No,Yes,No,Between 2 and 3 hours,3,3,1,3,1,1,1,1,1,1,1,1,3,7,3
139,4/19/2022 22:23,51,Male,Married,Salaried Worker,Private,Yes,Yes,Yes,Yes,Yes,Yes,No,No,Yes,No,Between 1 and 2 hours,4,3,2,3,3,4,3,3,3,3,3,3,9,10,9
140,4/19/2022 22:31,50,Male,Married,Salaried Worker,Company,Yes,Yes,Yes,Yes,Yes,No,No,No,No,No,Between 3 and 4 hours,4,3,4,5,5,4,3,4,3,4,4,2,13,12,10
141,4/19/2022 22:39,47,Female,Married,Salaried Worker,Private,Yes,Yes,Yes,Yes,Yes,No,No,No,Yes,No,Between 3 and 4 hours,3,2,2,2,2,2,3,4,1,1,2,1,5,6,8
142,4/19/2022 22:42,27,Female,Married,Salaried Worker,Private,Yes,Yes,No,Yes,Yes,No,No,No,No,No,Between 4 and 5 hours,4,5,2,5,5,5,5,2,3,3,5,4,13,15,10
143,4/19/2022 22:44,40,Female,Single,Salaried Worker,Private,Yes,Yes,Yes,Yes,Yes,No,No,No,No,No,Between 1 and 2 hours,4,2,1,2,4,3,3,3,3,4,3,1,11,7,9
144,4/19/2022 22:45,46,Male,Divorced,Salaried Worker,Private,Yes,Yes,Yes,Yes,Yes,Yes,No,No,No,No,Less than an Hour,3,1,1,1,2,1,1,3,5,2,2,2,6,3,9
145,4/19/2022 22:49,21,Female,Single,University Student,"University, Private",Yes,Yes,No,Yes,Yes,Yes,Yes,No,No,No,Between 4 and 5 hours,4,3,4,3,3,2,5,2,3,5,5,5,13,8,10
146,4/19/2022 22:50,47,Female,Married,Salaried Worker,Private,Yes,Yes,No,No,No,No,No,No,No,No,Between 1 and 2 hours,4,4,3,3,2,2,4,2,3,3,3,3,8,9,9
147,4/19/2022 23:13,20,Female,In a relationship,University Student,University,Yes,Yes,Yes,Yes,Yes,Yes,Yes,No,Yes,No,More than 5 hours,4,4,3,4,4,4,5,1,4,4,3,4,11,12,10
148,4/19/2022 23:23,47,Female,Married,Salaried Worker,University,Yes,Yes,Yes,Yes,Yes,No,No,No,No,No,Between 1 and 2 hours,3,4,3,4,5,4,2,2,1,2,3,2,10,12,5
149,4/19/2022 23:28,48,Male,Married,Salaried Worker,Private,Yes,Yes,No,Yes,Yes,No,No,No,No,No,Between 3 and 4 hours,3,3,3,3,2,2,3,3,3,2,3,2,7,8,9
150,4/19/2022 23:28,49,Male,Married,Salaried Worker,Company,Yes,Yes,No,No,Yes,No,No,No,No,No,Between 4 and 5 hours,4,3,2,2,2,2,2,4,2,2,2,4,6,7,8
151,4/19/2022 23:38,21,Male,In a relationship,University Student,"University, Private",Yes,Yes,No,No,Yes,No,Yes,No,No,No,Between 3 and 4 hours,3,2,1,1,2,2,2,4,3,2,2,2,6,5,9
152,4/19/2022 23:43,32,Female,Married,Salaried Worker,School,Yes,Yes,No,Yes,Yes,No,Yes,No,Yes,No,Between 4 and 5 hours,5,2,4,3,2,1,1,5,1,1,2,5,5,6,7
153,4/19/2022 23:51,47,Female,Married,Salaried Worker,University,Yes,No,Yes,Yes,Yes,No,No,No,No,No,Between 2 and 3 hours,3,1,2,3,2,2,3,3,2,2,2,3,6,6,8
154,4/19/2022 23:53,50,Male,Married,Salaried Worker,Private,Yes,Yes,Yes,No,Yes,No,No,No,No,No,Between 1 and 2 hours,1,1,2,3,2,2,1,1,3,3,2,2,7,6,5
155,4/20/2022 0:00,48,Male,Divorced,Salaried Worker,Private,Yes,Yes,Yes,Yes,Yes,No,No,No,No,No,Less than an Hour,5,1,1,2,4,2,1,3,3,4,2,5,10,5,7
156,4/20/2022 0:07,21,Female,In a relationship,University Student,"University, Company, Private",Yes,Yes,No,Yes,Yes,No,No,No,Yes,No,Between 3 and 4 hours,2,2,1,5,4,5,3,3,2,3,5,4,12,12,8
157,4/20/2022 0:24,47,Male,Married,Salaried Worker,Company,Yes,No,Yes,No,No,No,No,No,No,No,Less than an Hour,1,1,2,5,3,4,2,3,1,2,4,4,9,10,6
158,4/20/2022 0:25,36,Female,Married,Salaried Worker,School,Yes,No,No,No,Yes,No,No,No,No,No,Between 2 and 3 hours,3,2,1,2,4,4,1,1,1,1,1,4,6,8,3
159,4/20/2022 0:50,37,Female,Married,Retired,Private,Yes,Yes,No,Yes,Yes,No,No,No,No,No,Between 1 and 2 hours,3,1,2,2,1,3,1,2,2,4,2,4,7,6,5
160,4/20/2022 1:10,19,Female,In a relationship,School Student,School,Yes,Yes,No,No,No,No,No,No,No,No,Between 4 and 5 hours,5,4,4,3,5,4,2,5,4,4,5,5,14,11,11
161,4/20/2022 1:48,30,Male,In a relationship,Salaried Worker,Company,Yes,Yes,No,Yes,Yes,No,No,No,No,No,Between 1 and 2 hours,4,2,1,2,2,1,4,2,2,2,2,5,6,5,8
162,4/20/2022 2:03,48,Male,Married,Salaried Worker,Private,Yes,Yes,Yes,Yes,Yes,Yes,Yes,Yes,Yes,Yes,Less than an Hour,3,1,1,1,1,1,5,3,2,1,5,2,7,3,10
163,4/20/2022 2:07,48,Female,Married,Retired,N/A,Yes,Yes,No,Yes,Yes,No,No,No,Yes,Yes,More than 5 hours,4,5,5,5,4,5,3,3,2,3,5,4,12,15,8
164,4/20/2022 3:54,48,Male,Married,Salaried Worker,Company,Yes,No,Yes,No,Yes,No,No,No,No,No,Between 3 and 4 hours,3,2,3,3,4,3,2,3,2,3,3,4,10,8,7
165,4/20/2022 4:20,47,Male,Married,Salaried Worker,"University, Company",Yes,No,Yes,Yes,Yes,No,No,Yes,No,Yes,Between 2 and 3 hours,3,2,3,5,5,5,2,5,2,3,2,4,10,12,9
166,4/20/2022 4:42,47,Female,Married,Salaried Worker,Company,Yes,Yes,Yes,No,No,No,No,No,No,No,Less than an Hour,2,2,2,3,2,2,4,3,2,2,2,2,6,7,9
167,4/20/2022 5:54,48,Male,Married,Salaried Worker,N/A,Yes,Yes,No,No,Yes,No,No,No,Yes,No,Less than an Hour,5,1,1,2,2,1,1,1,1,2,1,4,5,4,3
168,4/20/2022 6:15,21,Male,Single,University Student,"School, University, Private",Yes,Yes,Yes,Yes,Yes,No,No,No,Yes,No,Between 2 and 3 hours,2,4,2,3,2,1,3,5,3,2,1,4,5,8,11
169,4/20/2022 6:28,48,Male,Married,Salaried Worker,Private,Yes,No,Yes,No,Yes,No,No,No,No,No,Between 1 and 2 hours,2,2,1,2,1,1,2,3,1,1,2,2,4,5,6
170,4/20/2022 7:20,21,Male,In a relationship,University Student,University,Yes,Yes,Yes,Yes,Yes,Yes,Yes,No,No,No,Less than an Hour,2,3,2,4,3,3,2,3,1,2,2,1,7,10,6
171,4/20/2022 7:35,20,Male,Single,University Student,University,Yes,No,Yes,Yes,Yes,Yes,Yes,Yes,No,Yes,More than 5 hours,5,5,5,4,2,4,3,3,1,3,3,4,8,13,7
172,4/20/2022 8:37,20,Female,Single,University Student,University,Yes,Yes,No,No,Yes,No,No,No,No,No,Between 3 and 4 hours,4,5,4,4,5,5,5,2,2,3,4,4,12,14,9
173,4/20/2022 10:51,20,Male,Single,University Student,University,Yes,Yes,No,Yes,Yes,No,No,No,No,No,Between 1 and 2 hours,5,5,2,3,4,5,3,2,4,5,5,5,14,13,9
174,4/20/2022 11:25,21,Female,Single,University Student,N/A,Yes,Yes,No,Yes,Yes,Yes,No,No,No,No,Between 1 and 2 hours,4,4,4,4,4,2,4,3,4,3,3,1,10,10,11
175,4/20/2022 11:43,20,Female,In a relationship,University Student,University,Yes,No,No,Yes,Yes,No,No,No,Yes,No,Between 4 and 5 hours,4,3,5,5,4,4,5,4,3,4,4,5,12,12,12
176,4/20/2022 12:16,47,Male,Married,Salaried Worker,Company,Yes,No,Yes,Yes,Yes,No,No,Yes,No,Yes,Between 2 and 3 hours,4,3,3,2,4,3,1,2,1,1,2,1,7,8,4
177,4/20/2022 13:24,35,Female,Divorced,Salaried Worker,School,Yes,Yes,No,No,Yes,No,No,No,No,No,Less than an Hour,3,2,1,1,1,1,1,3,4,1,1,1,3,4,8
178,4/20/2022 13:24,23,Female,Single,University Student,University,Yes,No,No,No,No,No,No,No,Yes,No,Between 3 and 4 hours,5,3,3,4,3,5,1,3,3,4,3,5,10,12,7
179,4/20/2022 13:43,21,Female,Single,University Student,University,Yes,Yes,Yes,Yes,Yes,Yes,No,No,Yes,No,Between 4 and 5 hours,3,5,4,5,5,4,3,2,1,3,5,5,13,14,6
180,4/20/2022 14:41,21,Female,In a relationship,University Student,University,Yes,Yes,No,Yes,Yes,No,No,No,Yes,No,Between 2 and 3 hours,3,2,5,2,4,1,3,2,4,4,2,1,10,5,9
181,4/20/2022 16:11,37,Female,Married,Salaried Worker,University,Yes,Yes,No,No,Yes,No,No,No,No,No,Between 1 and 2 hours,5,4,4,3,5,2,5,2,2,4,4,5,13,9,9
182,4/20/2022 16:37,48,Male,Married,Salaried Worker,Company,Yes,Yes,Yes,Yes,Yes,No,No,No,No,No,Between 1 and 2 hours,4,2,2,3,2,2,2,3,3,3,3,4,8,7,8
183,4/20/2022 16:44,47,Male,Married,Salaried Worker,Goverment,Yes,Yes,No,No,Yes,No,No,No,No,Yes,Less than an Hour,3,1,1,2,4,2,3,3,2,1,2,3,7,5,8
184,4/20/2022 17:44,25,Female,Married,Salaried Worker,Company,Yes,Yes,Yes,Yes,Yes,No,No,Yes,Yes,Yes,Between 4 and 5 hours,3,4,5,4,5,4,2,4,4,5,3,2,13,12,10
185,4/20/2022 18:14,22,Female,In a relationship,University Student,University,Yes,Yes,Yes,Yes,Yes,Yes,Yes,No,Yes,Yes,More than 5 hours,5,5,4,5,4,3,2,3,3,3,4,4,11,13,8
186,4/20/2022 19:24,45,Male,Married,Salaried Worker,Private,Yes,Yes,No,No,Yes,No,No,No,No,No,Between 2 and 3 hours,3,2,3,3,3,3,3,2,2,2,2,2,7,8,7
187,4/20/2022 19:28,47,Male,Married,Salaried Worker,"Company, Private",Yes,No,No,Yes,Yes,No,No,No,No,No,Between 1 and 2 hours,4,3,2,4,3,2,2,3,3,3,2,1,8,9,8
188,4/20/2022 21:11,47,Female,Single,Salaried Worker,Company,Yes,Yes,Yes,Yes,Yes,No,No,No,Yes,No,Between 4 and 5 hours,4,5,2,3,3,1,3,3,1,3,3,1,9,9,7
189,4/20/2022 21:18,24,Female,Married,University Student,Private,Yes,Yes,No,Yes,No,No,No,No,Yes,No,More than 5 hours,5,3,4,3,4,5,3,3,3,4,3,4,11,11,9
190,4/20/2022 22:01,21,Female,In a relationship,University Student,University,Yes,No,No,Yes,No,No,No,No,No,No,Between 2 and 3 hours,5,5,5,5,1,5,2,5,5,2,5,5,8,15,12
191,4/20/2022 22:07,22,Female,Single,University Student,University,Yes,Yes,No,No,Yes,No,Yes,Yes,Yes,No,Between 2 and 3 hours,3,2,2,2,2,2,1,3,3,4,2,1,8,6,7
192,4/20/2022 22:17,19,Female,Single,School Student,School,Yes,Yes,No,Yes,Yes,Yes,Yes,No,Yes,Yes,Between 2 and 3 hours,3,4,3,3,3,3,3,5,3,4,3,1,10,10,11
193,4/20/2022 22:37,21,Female,In a relationship,University Student,University,Yes,Yes,No,Yes,Yes,Yes,No,No,No,No,Between 4 and 5 hours,3,3,2,4,2,4,3,2,1,4,4,4,10,11,6
194,4/20/2022 22:50,22,Female,In a relationship,University Student,University,Yes,Yes,No,Yes,Yes,Yes,No,No,No,No,More than 5 hours,5,3,3,3,5,3,2,3,4,5,3,4,13,9,9
195,4/20/2022 22:53,20,Male,Single,University Student,N/A,Yes,Yes,No,Yes,Yes,Yes,Yes,No,No,Yes,Between 3 and 4 hours,4,5,4,4,5,4,1,3,4,4,5,5,14,13,8
196,4/20/2022 23:07,42,Female,Married,Salaried Worker,School,Yes,Yes,No,Yes,Yes,No,Yes,No,Yes,No,Between 2 and 3 hours,3,1,1,1,1,1,1,3,1,1,3,1,5,3,5
197,4/20/2022 23:15,35,Female,Married,Salaried Worker,School,Yes,Yes,No,No,No,No,No,No,No,No,Between 2 and 3 hours,5,3,2,2,1,3,2,4,1,3,2,2,6,8,7
198,4/20/2022 23:32,38,Male,Married,Salaried Worker,University,Yes,Yes,Yes,No,Yes,No,Yes,Yes,No,No,Between 4 and 5 hours,3,3,3,2,3,2,3,4,3,2,2,2,7,7,10
199,4/20/2022 23:45,17,Male,Single,School Student,School,Yes,Yes,No,Yes,Yes,No,No,No,No,No,Less than an Hour,2,2,2,2,2,1,1,2,1,1,1,2,4,5,4
200,4/20/2022 23:51,32,Male,Married,Salaried Worker,"Company, Private",Yes,Yes,No,No,Yes,No,Yes,Yes,No,No,Between 1 and 2 hours,3,1,3,2,2,1,1,3,1,1,2,1,5,4,5
201,4/21/2022 0:36,21,Female,Single,University Student,University,Yes,Yes,Yes,Yes,Yes,Yes,Yes,No,No,No,Between 1 and 2 hours,3,3,2,5,4,5,4,2,2,2,3,2,9,13,8
202,4/21/2022 0:49,22,Male,In a relationship,University Student,"University, Private",Yes,Yes,No,Yes,Yes,Yes,Yes,Yes,No,No,Between 3 and 4 hours,4,2,2,2,4,3,2,4,2,3,2,5,9,7,8
203,4/21/2022 0:59,27,Female,Married,University Student,University,Yes,Yes,No,Yes,Yes,No,No,No,No,No,More than 5 hours,5,5,3,3,3,3,1,3,1,3,3,4,9,11,5
204,4/21/2022 1:33,21,Male,In a relationship,University Student,University,Yes,Yes,No,Yes,Yes,No,Yes,Yes,No,Yes,Between 3 and 4 hours,4,5,3,5,5,5,5,2,4,3,5,3,13,15,11
205,4/21/2022 1:39,27,Male,Married,Salaried Worker,"University, Company",Yes,Yes,No,No,No,No,Yes,Yes,No,No,More than 5 hours,5,5,5,5,5,5,1,3,1,5,5,5,15,15,5
206,4/21/2022 1:44,20,Male,Single,School Student,School,Yes,No,No,Yes,No,No,Yes,Yes,Yes,Yes,Between 2 and 3 hours,3,2,3,2,3,2,3,2,3,2,1,4,6,6,8
207,4/21/2022 2:29,27,Female,Married,Salaried Worker,Private,Yes,Yes,No,Yes,Yes,No,No,No,No,No,Between 3 and 4 hours,4,4,4,5,4,3,2,2,1,1,3,2,8,12,5
208,4/21/2022 3:27,24,Male,Single,University Student,"University, Company",Yes,Yes,No,Yes,Yes,No,Yes,No,No,No,Between 3 and 4 hours,5,5,5,5,1,5,5,4,1,5,5,4,11,15,10
209,4/21/2022 4:54,26,Female,Single,Salaried Worker,Private,Yes,Yes,No,Yes,Yes,Yes,No,No,Yes,No,Between 2 and 3 hours,3,2,1,1,1,1,1,1,1,1,1,1,3,4,3
210,4/21/2022 7:09,20,Female,Single,University Student,University,Yes,No,Yes,Yes,Yes,Yes,Yes,Yes,Yes,Yes,Between 3 and 4 hours,2,1,1,2,5,3,5,4,3,4,3,4,12,6,12
211,4/21/2022 10:12,31,Male,Single,Salaried Worker,School,Yes,Yes,No,Yes,Yes,No,Yes,No,No,No,Between 2 and 3 hours,3,3,3,3,4,3,4,4,4,3,3,2,10,9,12
212,4/21/2022 10:40,21,Male,Single,University Student,University,Yes,No,No,No,Yes,No,Yes,Yes,No,No,More than 5 hours,5,1,1,1,1,1,1,3,1,1,1,1,3,3,5
213,4/21/2022 13:23,34,Male,Married,Salaried Worker,Private,Yes,Yes,No,No,Yes,No,No,No,No,Yes,More than 5 hours,5,3,2,3,3,4,4,4,5,5,5,5,13,10,13
214,4/21/2022 13:36,22,Male,Single,University Student,University,Yes,Yes,No,No,Yes,Yes,No,No,No,No,Less than an Hour,1,1,1,1,1,1,1,1,1,1,1,1,3,3,3
215,4/21/2022 13:44,20,Female,In a relationship,University Student,N/A,Yes,No,No,Yes,No,No,No,No,No,No,More than 5 hours,3,3,1,3,5,3,2,3,5,4,5,1,14,9,10
216,4/21/2022 15:26,23,Male,In a relationship,University Student,"University, Company",Yes,Yes,Yes,Yes,Yes,No,Yes,Yes,No,No,Between 4 and 5 hours,4,2,1,1,3,1,1,3,1,3,2,1,8,4,5
217,4/21/2022 15:57,48,Male,Married,Salaried Worker,Private,Yes,Yes,No,No,Yes,No,No,No,No,No,Less than an Hour,1,1,1,1,1,1,5,5,3,1,1,1,3,3,13
218,4/21/2022 17:47,37,Male,Married,Salaried Worker,Private,Yes,Yes,No,No,Yes,No,No,No,No,No,Between 1 and 2 hours,4,4,1,3,4,4,4,4,3,2,3,2,9,11,11
219,4/21/2022 19:19,22,Male,Single,University Student,University,Yes,Yes,No,Yes,Yes,Yes,No,No,No,No,Between 1 and 2 hours,3,3,2,3,4,4,4,4,3,5,4,4,13,10,11
220,4/21/2022 19:35,50,Male,Single,Salaried Worker,N/A,Yes,Yes,No,No,No,No,No,No,No,No,Between 1 and 2 hours,3,2,3,3,3,5,4,5,5,2,4,3,9,10,14
221,4/21/2022 20:26,21,Female,In a relationship,University Student,University,Yes,Yes,Yes,Yes,Yes,Yes,No,No,No,No,More than 5 hours,4,4,4,5,5,5,4,2,3,3,4,4,12,14,9
222,4/21/2022 20:31,23,Female,Single,University Student,"University, Goverment",Yes,Yes,Yes,Yes,Yes,Yes,Yes,No,Yes,No,Between 2 and 3 hours,4,4,1,3,2,2,1,2,1,2,4,1,8,9,4
223,4/21/2022 20:47,21,Female,Single,University Student,University,Yes,Yes,No,No,Yes,No,No,No,No,No,Between 1 and 2 hours,4,3,1,3,4,3,5,2,3,3,4,3,11,9,10
224,4/21/2022 22:29,22,Female,Single,University Student,University,Yes,Yes,Yes,Yes,Yes,Yes,Yes,No,Yes,No,Between 3 and 4 hours,3,3,3,3,3,2,2,3,3,3,3,3,9,8,8
225,4/21/2022 23:02,22,Female,In a relationship,University Student,University,Yes,Yes,No,No,No,No,No,No,No,No,More than 5 hours,3,1,4,4,3,4,3,4,3,4,4,3,11,9,10
226,4/21/2022 23:02,22,Female,In a relationship,University Student,University,Yes,Yes,No,Yes,Yes,Yes,No,No,No,Yes,More than 5 hours,2,5,3,3,3,4,5,3,3,2,4,3,9,12,11
227,4/21/2022 23:11,19,Female,Single,University Student,University,Yes,Yes,No,Yes,Yes,Yes,Yes,No,Yes,No,Between 3 and 4 hours,5,4,5,3,5,4,5,1,5,4,4,3,13,11,11
228,4/22/2022 0:24,23,Female,Single,University Student,University,Yes,Yes,No,Yes,Yes,No,No,No,No,No,Between 2 and 3 hours,5,5,3,5,3,5,1,3,2,2,2,5,7,15,6
229,4/22/2022 2:35,46,Male,Married,Salaried Worker,"Company, Private",Yes,Yes,No,No,Yes,No,No,No,No,No,Less than an Hour,2,1,1,1,1,1,1,2,1,1,3,4,5,3,4
230,4/22/2022 8:35,21,Male,In a relationship,University Student,University,Yes,Yes,No,Yes,Yes,No,No,No,No,No,More than 5 hours,4,5,3,4,4,4,3,3,4,4,4,5,12,13,10
231,4/22/2022 11:56,24,Female,In a relationship,University Student,University,Yes,Yes,No,Yes,Yes,No,Yes,No,No,No,More than 5 hours,2,3,1,2,4,3,4,4,3,4,1,1,9,8,11
232,4/22/2022 13:31,20,Female,Single,University Student,University,Yes,Yes,No,Yes,Yes,No,No,No,No,No,Less than an Hour,3,1,1,1,2,2,5,1,2,1,3,1,6,4,8
233,4/22/2022 22:00,25,Male,Single,University Student,University,Yes,No,No,No,Yes,No,No,No,No,No,Between 1 and 2 hours,5,5,1,1,2,3,4,5,3,5,2,5,9,9,12
234,4/22/2022 22:26,21,Female,Single,University Student,"University, Company, Goverment",Yes,Yes,No,No,Yes,No,Yes,No,Yes,No,Between 3 and 4 hours,2,1,1,2,2,1,1,1,1,1,1,1,4,4,3
235,4/24/2022 5:23,23,Male,In a relationship,University Student,University,Yes,Yes,Yes,Yes,Yes,No,Yes,Yes,No,Yes,More than 5 hours,4,4,3,5,4,4,4,2,1,4,4,3,12,13,7
236,4/26/2022 3:01,22,Female,In a relationship,Salaried Worker,Company,Yes,No,No,Yes,Yes,No,Yes,Yes,No,Yes,More than 5 hours,5,4,4,4,4,3,4,4,4,4,5,1,13,11,12
237,4/26/2022 21:59,36,Male,Married,Salaried Worker,University,Yes,Yes,No,Yes,Yes,No,No,No,Yes,No,Less than an Hour,2,1,1,2,3,1,3,3,1,2,1,1,6,4,7
238,4/26/2022 22:13,22,Female,Single,University Student,University,Yes,Yes,No,Yes,Yes,Yes,No,No,Yes,Yes,Between 2 and 3 hours,5,5,3,5,5,2,3,1,2,5,3,5,13,12,6
239,4/26/2022 23:02,69,Trans,Divorced,Salaried Worker,N/A,Yes,No,No,No,No,No,No,No,No,Yes,More than 5 hours,5,5,5,5,5,5,5,5,5,5,5,5,15,15,15
240,4/26/2022 23:15,25,Female,Single,Salaried Worker,University,Yes,Yes,No,Yes,Yes,No,No,No,No,No,Between 4 and 5 hours,3,4,2,5,5,1,5,1,5,4,5,5,14,10,11
241,4/26/2022 23:32,22,Female,Single,University Student,University,Yes,Yes,Yes,Yes,Yes,Yes,No,No,No,Yes,Between 4 and 5 hours,4,2,1,5,4,3,5,1,4,4,4,2,12,10,10
242,4/26/2022 23:56,23,Male,Single,University Student,"University, N/A",Yes,Yes,No,Yes,Yes,Yes,Yes,No,No,Yes,Between 3 and 4 hours,3,4,2,5,5,5,5,4,4,2,3,4,10,14,13
243,4/27/2022 2:12,23,Male,Single,University Student,University,Yes,Yes,No,Yes,No,No,No,No,No,No,Less than an Hour,3,2,1,3,4,3,3,3,2,3,2,5,9,8,8
244,5/11/2022 19:06,19,Female,Single,School Student,University,Yes,Yes,No,Yes,Yes,No,Yes,No,No,No,Between 3 and 4 hours,5,3,2,3,5,5,2,3,3,3,5,5,13,11,8
245,5/11/2022 19:07,21,Female,Single,University Student,"School, University, Private",Yes,Yes,No,Yes,Yes,Yes,Yes,Yes,No,No,Between 1 and 2 hours,3,5,2,4,2,2,1,4,2,3,2,3,7,11,7
246,5/11/2022 19:09,27,Female,In a relationship,Salaried Worker,Private,Yes,Yes,No,Yes,Yes,Yes,No,No,No,No,Between 4 and 5 hours,5,5,3,4,4,4,4,2,3,4,4,2,12,13,9
247,5/11/2022 19:16,25,Female,Single,University Student,University,Yes,Yes,No,No,Yes,No,Yes,No,No,No,More than 5 hours,4,3,1,2,4,3,4,2,2,4,2,1,10,8,8
248,5/11/2022 19:19,20,Female,Single,University Student,University,Yes,Yes,No,Yes,Yes,Yes,No,No,No,No,Between 2 and 3 hours,4,2,1,3,4,1,1,5,1,2,2,3,8,6,7
249,5/11/2022 19:27,34,Female,Married,Salaried Worker,School,Yes,Yes,No,No,No,No,No,No,No,No,Between 1 and 2 hours,2,5,1,1,1,5,2,3,5,1,2,1,4,11,10
250,5/11/2022 19:30,23,Female,Single,University Student,University,Yes,Yes,No,Yes,Yes,Yes,Yes,No,Yes,No,More than 5 hours,5,5,3,3,5,3,3,4,3,4,5,4,14,11,10
251,5/11/2022 19:31,34,Female,Married,Salaried Worker,School,Yes,Yes,No,No,No,No,No,No,No,No,Between 1 and 2 hours,2,2,1,1,1,1,2,1,1,1,1,1,3,4,4
252,5/11/2022 19:35,26,Female,Single,Salaried Worker,N/A,Yes,Yes,No,Yes,Yes,No,Yes,No,Yes,Yes,Between 4 and 5 hours,5,5,3,5,5,5,3,3,3,5,4,4,14,15,9
253,5/11/2022 19:45,25,Male,Single,University Student,University,Yes,Yes,Yes,Yes,Yes,Yes,Yes,No,Yes,Yes,Between 4 and 5 hours,4,5,2,5,1,5,2,3,4,5,1,5,7,15,9
254,5/11/2022 19:47,22,Female,Married,University Student,University,Yes,Yes,No,Yes,Yes,No,No,No,Yes,No,Between 2 and 3 hours,5,4,2,3,3,2,1,3,2,2,3,3,8,9,6
255,5/11/2022 19:47,20,Male,Single,University Student,University,Yes,Yes,Yes,Yes,Yes,Yes,Yes,Yes,No,No,Less than an Hour,4,2,1,3,5,2,1,4,2,2,4,2,11,7,7
256,5/11/2022 19:47,23,Female,Single,University Student,University,Yes,Yes,No,Yes,Yes,Yes,No,No,No,No,More than 5 hours,4,5,3,4,5,5,5,1,3,3,4,5,12,14,9
257,5/11/2022 19:48,91,Female,Single,University Student,University,Yes,Yes,No,Yes,Yes,Yes,Yes,No,No,No,Between 2 and 3 hours,2,5,4,4,5,5,5,1,5,5,5,5,15,14,11
258,5/11/2022 19:51,22,Female,Single,University Student,University,Yes,Yes,No,Yes,Yes,Yes,Yes,No,No,No,Between 4 and 5 hours,4,1,2,1,1,1,1,2,1,1,2,3,4,3,4
259,5/11/2022 19:51,23,Female,Single,University Student,"University, N/A",Yes,Yes,No,Yes,Yes,No,No,No,No,Yes,More than 5 hours,3,3,2,3,3,4,3,3,4,4,3,2,10,10,10
260,5/11/2022 19:58,21,Female,In a relationship,University Student,"University, Company",Yes,Yes,No,Yes,No,No,Yes,No,No,No,Between 2 and 3 hours,2,3,4,2,3,4,2,4,2,3,1,4,7,9,8
261,5/11/2022 20:12,36,Female,Married,Salaried Worker,N/A,Yes,Yes,No,No,Yes,Yes,No,No,No,No,Between 1 and 2 hours,4,1,1,2,2,1,1,3,2,2,3,3,7,4,6
262,5/11/2022 20:13,21,Female,In a relationship,University Student,University,Yes,Yes,No,Yes,Yes,Yes,Yes,No,No,Yes,Between 2 and 3 hours,3,3,2,3,5,4,3,3,3,5,5,4,15,10,9
263,5/11/2022 20:15,22,Female,Single,University Student,University,Yes,Yes,No,Yes,Yes,No,No,No,No,No,Between 1 and 2 hours,2,2,2,2,2,3,4,3,3,3,2,2,7,7,10
264,5/11/2022 20:15,22,Male,Single,University Student,University,Yes,Yes,Yes,Yes,Yes,No,Yes,Yes,Yes,Yes,More than 5 hours,4,4,3,4,2,4,4,3,4,3,4,3,9,12,11
265,5/11/2022 20:17,22,Female,Single,University Student,University,Yes,Yes,No,Yes,Yes,Yes,No,No,No,No,More than 5 hours,5,2,5,4,4,4,4,3,2,2,3,2,9,10,9
266,5/11/2022 20:18,20,Female,Single,University Student,University,Yes,Yes,No,Yes,Yes,No,Yes,No,No,No,Between 3 and 4 hours,3,3,3,3,4,3,4,3,3,3,3,2,10,9,10
267,5/11/2022 20:19,26,Female,In a relationship,Salaried Worker,Private,Yes,Yes,Yes,Yes,Yes,No,No,No,No,No,More than 5 hours,4,4,1,3,3,2,2,4,1,2,2,4,7,9,7
268,5/11/2022 20:34,21,Male,Single,University Student,University,Yes,No,No,No,Yes,No,No,No,No,No,Between 2 and 3 hours,3,3,2,5,5,4,2,3,2,4,2,4,11,12,7
269,5/11/2022 20:35,20,Female,Single,University Student,"University, Private",Yes,Yes,No,Yes,Yes,Yes,No,No,Yes,Yes,More than 5 hours,4,5,3,5,5,5,2,3,1,3,4,5,12,15,6
270,5/11/2022 20:36,21,Female,In a relationship,University Student,"School, University, Private",Yes,Yes,Yes,No,Yes,No,Yes,No,Yes,No,More than 5 hours,3,2,1,2,3,1,1,3,1,3,3,2,9,5,5
271,5/11/2022 20:39,19,Female,Single,School Student,School,Yes,Yes,Yes,Yes,Yes,Yes,Yes,Yes,Yes,Yes,More than 5 hours,3,2,1,5,2,3,1,3,1,2,1,5,5,10,5
272,5/11/2022 20:41,20,Female,Single,University Student,University,Yes,Yes,No,Yes,Yes,Yes,Yes,No,Yes,Yes,More than 5 hours,4,5,5,5,5,5,5,1,4,5,5,5,15,15,10
273,5/11/2022 20:45,22,Female,Single,University Student,"University, Private",Yes,Yes,Yes,Yes,Yes,Yes,Yes,Yes,Yes,Yes,Between 3 and 4 hours,5,4,3,4,4,3,2,3,4,3,3,4,10,11,9
274,5/11/2022 20:50,23,Male,Single,University Student,"School, University",Yes,No,No,No,Yes,No,Yes,Yes,No,No,Between 1 and 2 hours,2,2,1,5,5,5,1,3,1,5,1,5,11,12,5
275,5/11/2022 20:51,21,Male,Single,University Student,University,Yes,Yes,Yes,Yes,Yes,No,Yes,Yes,No,No,Between 2 and 3 hours,4,4,4,5,5,4,4,2,3,3,4,3,12,13,9
276,5/11/2022 20:57,21,Female,In a relationship,University Student,"School, University",Yes,Yes,No,Yes,Yes,Yes,Yes,No,Yes,Yes,Between 3 and 4 hours,5,4,2,5,5,4,4,3,3,5,5,5,15,13,10
277,5/11/2022 20:58,22,Male,In a relationship,University Student,University,Yes,Yes,No,Yes,Yes,Yes,Yes,No,No,No,Between 4 and 5 hours,5,5,3,5,5,5,5,5,5,5,5,5,15,15,15
278,5/11/2022 21:02,26,Male,Single,Salaried Worker,Company,Yes,Yes,No,Yes,Yes,No,Yes,No,No,No,More than 5 hours,5,5,5,5,5,5,5,5,1,5,5,5,15,15,11
279,5/11/2022 21:06,22,Female,In a relationship,University Student,University,Yes,Yes,No,Yes,Yes,No,Yes,No,No,No,Between 2 and 3 hours,4,4,2,3,5,3,1,3,4,5,2,2,12,10,8
280,5/11/2022 21:08,17,Male,Single,School Student,School,Yes,No,No,No,No,No,Yes,No,No,No,Between 2 and 3 hours,3,4,3,3,3,3,5,3,4,5,3,4,11,10,12
281,5/11/2022 21:14,23,Male,Single,University Student,"University, Private",Yes,Yes,No,Yes,Yes,No,Yes,No,Yes,Yes,More than 5 hours,4,3,3,4,5,4,5,4,4,3,4,5,12,11,13
282,5/11/2022 21:14,21,Male,Single,School Student,"School, Company",Yes,Yes,No,Yes,Yes,No,Yes,Yes,Yes,No,Between 3 and 4 hours,2,4,2,4,5,4,5,4,4,4,3,3,12,12,13
283,5/11/2022 21:16,22,Female,Single,University Student,University,Yes,Yes,No,Yes,Yes,Yes,No,No,No,No,More than 5 hours,1,1,1,1,1,1,2,2,1,2,1,2,4,3,5
284,5/11/2022 21:19,20,Male,Single,University Student,University,Yes,Yes,Yes,Yes,Yes,Yes,Yes,No,No,Yes,More than 5 hours,4,5,3,2,5,3,4,2,1,5,4,5,14,10,7
285,5/11/2022 21:20,24,Female,Single,University Student,University,Yes,Yes,Yes,Yes,Yes,No,No,No,No,No,Between 4 and 5 hours,4,4,3,4,4,4,3,3,3,4,4,4,12,12,9
286,5/11/2022 21:20,22,Female,Single,University Student,Private,Yes,Yes,No,Yes,Yes,Yes,No,No,No,No,Between 3 and 4 hours,4,4,2,5,4,5,3,2,2,3,4,4,11,14,7
287,5/11/2022 21:22,24,Male,Single,University Student,University,Yes,Yes,Yes,Yes,Yes,No,Yes,No,No,No,Between 3 and 4 hours,4,3,2,3,2,3,2,1,3,2,3,2,7,9,6
288,5/11/2022 21:22,22,Female,Single,University Student,University,Yes,Yes,No,Yes,Yes,Yes,No,No,Yes,No,More than 5 hours,3,4,4,5,5,4,5,2,4,5,4,4,14,13,11
289,5/11/2022 21:24,26,Male,In a relationship,University Student,"University, Private",Yes,Yes,Yes,Yes,Yes,Yes,Yes,No,Yes,No,Between 4 and 5 hours,3,3,2,2,4,2,2,3,4,4,2,2,10,7,9
290,5/11/2022 21:25,24,Female,In a relationship,Salaried Worker,Private,Yes,Yes,No,Yes,Yes,No,Yes,No,Yes,No,Between 3 and 4 hours,2,1,1,2,4,2,1,1,3,3,2,4,9,5,5
291,5/11/2022 21:29,22,Female,Single,University Student,University,Yes,Yes,No,No,Yes,No,No,No,No,No,Between 2 and 3 hours,3,4,1,2,2,3,3,3,3,3,4,4,9,9,9
292,5/11/2022 21:30,25,Female,In a relationship,University Student,University,Yes,Yes,No,Yes,Yes,Yes,Yes,No,No,No,Between 3 and 4 hours,3,2,1,2,4,3,3,3,2,4,2,3,10,7,8
293,5/11/2022 21:32,21,Female,Single,University Student,University,Yes,Yes,No,Yes,Yes,Yes,Yes,Yes,Yes,Yes,Between 4 and 5 hours,4,5,3,4,4,5,2,3,3,4,5,4,13,14,8
294,5/11/2022 21:34,20,Female,In a relationship,University Student,University,Yes,Yes,No,Yes,Yes,Yes,No,No,No,Yes,Between 2 and 3 hours,4,4,4,4,4,4,5,5,4,5,5,5,14,12,14
295,5/11/2022 21:35,22,Female,Single,University Student,University,Yes,Yes,No,Yes,Yes,No,No,No,No,No,Between 1 and 2 hours,3,3,1,3,1,1,1,3,5,1,1,1,3,7,9
296,5/11/2022 21:35,25,Female,In a relationship,Salaried Worker,Company,Yes,Yes,Yes,Yes,Yes,Yes,No,No,Yes,No,Between 2 and 3 hours,2,1,3,2,4,4,3,3,1,2,1,1,7,7,7
297,5/11/2022 21:36,17,Male,Single,School Student,School,Yes,Yes,No,No,No,No,Yes,No,No,No,Between 4 and 5 hours,2,1,4,2,5,2,4,3,1,4,2,2,11,5,8
298,5/11/2022 21:38,22,Female,Single,University Student,University,Yes,Yes,Yes,Yes,Yes,No,No,No,No,No,Between 2 and 3 hours,4,2,3,3,5,4,4,3,3,4,3,5,12,9,10
299,5/11/2022 21:45,26,Male,Single,University Student,University,Yes,Yes,Yes,Yes,Yes,No,No,Yes,No,No,Between 1 and 2 hours,3,4,2,4,4,4,2,2,1,3,3,2,10,12,5
300,5/11/2022 21:46,22,Female,Single,University Student,"University, Goverment",Yes,Yes,No,No,No,No,No,No,No,No,Between 2 and 3 hours,2,3,2,3,3,3,4,3,3,5,3,3,11,9,10
301,5/11/2022 21:46,23,Male,In a relationship,University Student,"University, Company, Private",Yes,Yes,No,Yes,Yes,Yes,No,No,Yes,No,Between 2 and 3 hours,3,4,5,3,5,3,3,3,3,5,1,4,11,10,9
302,5/11/2022 21:47,25,Male,Single,Salaried Worker,"Company, Private",Yes,Yes,No,Yes,Yes,Yes,No,No,No,No,Between 2 and 3 hours,4,2,2,3,5,4,1,1,2,5,5,5,15,9,4
303,5/11/2022 21:55,21,Male,Single,School Student,"University, Company",Yes,No,No,Yes,Yes,Yes,Yes,Yes,No,No,Between 2 and 3 hours,4,5,3,5,2,5,2,3,4,4,5,2,11,15,9
304,5/11/2022 21:56,30,Female,Single,Salaried Worker,Private,Yes,Yes,No,No,No,No,No,No,No,Yes,Between 2 and 3 hours,4,5,4,3,3,5,4,3,1,4,4,5,11,13,8
305,5/11/2022 21:56,23,Female,Single,University Student,University,Yes,Yes,No,Yes,Yes,No,No,No,No,No,Between 3 and 4 hours,2,4,1,3,4,3,4,2,2,3,3,2,10,10,8
306,5/11/2022 21:56,22,Male,In a relationship,Salaried Worker,"University, Company",Yes,Yes,Yes,Yes,Yes,Yes,Yes,Yes,No,Yes,Between 4 and 5 hours,4,5,4,5,5,4,3,3,3,3,4,2,12,14,9
307,5/11/2022 21:59,21,Female,In a relationship,University Student,University,Yes,Yes,No,Yes,Yes,No,No,No,No,No,Between 4 and 5 hours,5,5,5,4,4,3,5,2,2,5,4,3,13,12,9
308,5/11/2022 22:01,20,Female,In a relationship,University Student,University,Yes,Yes,No,No,Yes,No,No,No,No,No,Between 3 and 4 hours,5,3,2,4,2,2,1,3,5,1,4,1,7,9,9
309,5/11/2022 22:03,18,Female,Single,University Student,University,Yes,Yes,No,Yes,Yes,Yes,Yes,No,Yes,No,More than 5 hours,3,2,2,2,4,2,1,3,3,2,3,4,9,6,7
310,5/11/2022 22:05,20,Female,Single,University Student,University,Yes,No,Yes,Yes,Yes,No,No,No,No,No,Between 3 and 4 hours,3,3,2,2,4,2,2,3,2,2,3,1,9,7,7
311,5/11/2022 22:06,15,Female,Single,School Student,School,Yes,No,No,Yes,Yes,No,Yes,No,Yes,No,Between 3 and 4 hours,4,3,1,3,5,3,3,3,1,5,4,5,14,9,7
312,5/11/2022 22:07,22,Male,Single,University Student,University,Yes,Yes,Yes,Yes,Yes,Yes,Yes,Yes,Yes,No,More than 5 hours,5,3,2,3,5,5,1,3,1,3,4,5,12,11,5
313,5/11/2022 22:08,17,Female,Single,School Student,School,Yes,Yes,No,Yes,Yes,Yes,No,No,Yes,Yes,More than 5 hours,2,5,4,5,3,5,2,2,3,2,4,2,9,15,7
314,5/11/2022 22:10,21,Male,Single,University Student,University,Yes,Yes,No,Yes,No,No,No,No,No,No,Between 1 and 2 hours,2,3,1,4,5,4,3,3,1,5,5,5,15,11,7
315,5/11/2022 22:11,22,Female,Single,University Student,University,Yes,Yes,Yes,Yes,Yes,Yes,No,No,No,Yes,More than 5 hours,5,1,4,1,4,4,3,4,2,4,5,4,13,6,9
316,5/11/2022 22:11,23,Female,Married,University Student,University,Yes,Yes,No,No,No,No,No,No,No,No,More than 5 hours,4,3,3,4,4,5,4,4,3,3,3,4,10,12,11
317,5/11/2022 22:11,24,Male,Single,University Student,University,Yes,Yes,Yes,Yes,Yes,Yes,Yes,Yes,Yes,No,Between 3 and 4 hours,2,1,1,1,4,1,1,3,1,3,1,3,8,3,5
318,5/11/2022 22:14,21,Female,In a relationship,University Student,"University, Private",Yes,Yes,No,Yes,Yes,Yes,No,No,No,No,More than 5 hours,4,5,4,5,3,5,3,3,2,5,5,4,13,15,8
319,5/11/2022 22:20,22,Female,Single,University Student,University,Yes,Yes,No,Yes,Yes,Yes,No,No,Yes,Yes,More than 5 hours,5,5,5,5,5,5,5,1,4,5,5,5,15,15,10
320,5/11/2022 22:21,22,Female,Single,University Student,University,Yes,Yes,No,No,Yes,Yes,Yes,No,No,No,More than 5 hours,5,5,5,5,5,5,5,5,5,5,5,5,15,15,15
321,5/11/2022 22:21,21,Female,Single,University Student,"University, Private",Yes,Yes,Yes,Yes,Yes,Yes,No,No,No,Yes,More than 5 hours,3,4,5,4,5,4,5,5,3,5,4,5,14,12,13
322,5/11/2022 22:21,21,Female,Single,University Student,University,Yes,Yes,No,Yes,Yes,Yes,Yes,No,Yes,No,More than 5 hours,3,3,2,2,4,4,4,3,3,4,2,4,10,9,10
323,5/11/2022 22:29,18,Male,Single,School Student,N/A,Yes,Yes,Yes,Yes,Yes,No,Yes,Yes,Yes,No,More than 5 hours,5,4,1,2,4,3,1,3,3,3,3,5,10,9,7
324,5/11/2022 22:30,19,Male,Single,University Student,University,Yes,Yes,Yes,Yes,Yes,Yes,Yes,No,No,No,Less than an Hour,3,2,1,2,4,2,2,3,4,2,2,5,8,6,9
325,5/11/2022 22:32,22,Male,Single,University Student,"University, Company",Yes,Yes,Yes,Yes,Yes,Yes,Yes,Yes,No,No,More than 5 hours,5,4,2,4,5,5,1,1,1,5,1,5,11,13,3
326,5/11/2022 22:33,21,Non binary ,Single,University Student,University,Yes,Yes,No,Yes,Yes,Yes,No,Yes,Yes,Yes,More than 5 hours,4,2,3,5,5,4,4,3,5,5,5,1,15,11,12
327,5/11/2022 22:33,21,Female,Single,University Student,N/A,Yes,Yes,No,Yes,Yes,Yes,Yes,No,No,Yes,Between 3 and 4 hours,5,5,4,5,5,4,5,5,3,5,3,5,13,14,13
328,5/11/2022 22:34,22,Male,Single,University Student,University,Yes,Yes,No,Yes,Yes,No,Yes,No,Yes,No,Between 2 and 3 hours,4,5,4,4,5,5,2,2,5,5,5,4,15,14,9
329,5/11/2022 22:36,21,Female,Single,University Student,"University, Company",Yes,Yes,No,Yes,No,Yes,No,No,Yes,Yes,Between 2 and 3 hours,4,4,1,3,2,2,2,2,2,4,3,2,9,9,6
330,5/11/2022 22:38,23,Male,Married,University Student,University,Yes,Yes,Yes,Yes,Yes,Yes,Yes,Yes,Yes,Yes,Between 2 and 3 hours,5,4,3,5,4,5,3,2,2,4,4,4,12,14,7
331,5/11/2022 22:38,19,Male,Single,University Student,University,Yes,Yes,Yes,Yes,Yes,Yes,Yes,Yes,Yes,Yes,Between 3 and 4 hours,4,2,2,2,3,1,2,5,1,1,3,4,7,5,8
332,5/11/2022 22:41,26,Male,Single,Salaried Worker,"School, Company",Yes,Yes,Yes,Yes,Yes,Yes,Yes,Yes,No,No,Between 2 and 3 hours,4,3,2,4,3,3,4,3,1,4,2,2,9,10,8
333,5/11/2022 22:44,27,Male,Single,Salaried Worker,Company,Yes,Yes,Yes,Yes,Yes,No,No,Yes,Yes,No,Between 2 and 3 hours,5,5,2,2,1,1,2,4,1,3,2,3,6,8,7
334,5/11/2022 22:45,25,Female,Single,University Student,"University, Company, Private",Yes,Yes,No,Yes,Yes,No,No,No,Yes,Yes,More than 5 hours,5,5,4,4,5,1,2,2,3,5,2,4,12,10,7
335,5/11/2022 22:46,20,Female,Single,University Student,University,Yes,Yes,No,Yes,Yes,No,Yes,No,No,No,Between 4 and 5 hours,3,3,3,3,3,3,3,3,3,3,3,3,9,9,9
336,5/11/2022 22:50,20,Female,Single,University Student,University,Yes,Yes,Yes,Yes,Yes,Yes,No,No,No,No,More than 5 hours,4,2,4,3,5,4,1,3,2,4,4,2,13,9,6
337,5/11/2022 22:52,22,Male,Single,University Student,University,Yes,Yes,Yes,Yes,Yes,Yes,Yes,Yes,Yes,No,Between 3 and 4 hours,4,4,1,3,3,1,1,1,1,1,2,2,6,8,3
338,5/11/2022 22:54,18,Female,Single,School Student,Private,Yes,Yes,No,Yes,Yes,No,No,No,No,No,Between 3 and 4 hours,5,5,2,5,4,5,5,2,4,4,5,5,13,15,11
339,5/11/2022 22:54,22,Male,In a relationship,University Student,"University, Company",Yes,Yes,No,Yes,Yes,Yes,Yes,Yes,No,No,Between 2 and 3 hours,4,3,2,3,4,3,2,4,1,3,1,3,8,9,7
340,5/11/2022 22:55,20,Male,Single,Salaried Worker,Company,Yes,Yes,Yes,Yes,No,Yes,No,Yes,No,No,Between 1 and 2 hours,3,3,2,3,5,3,1,3,4,5,3,2,13,9,8
341,5/11/2022 22:57,24,Male,Single,Salaried Worker,Company,Yes,No,No,No,Yes,No,Yes,No,No,No,More than 5 hours,5,3,5,5,4,5,1,3,1,3,5,1,12,13,5
342,5/11/2022 23:02,21,Male,Single,University Student,University,Yes,Yes,No,Yes,Yes,No,No,No,No,No,Between 4 and 5 hours,3,4,3,3,5,5,4,4,4,3,4,3,12,12,12
343,5/11/2022 23:11,29,Female,Single,Salaried Worker,Private,Yes,Yes,No,Yes,No,No,No,No,No,No,Between 3 and 4 hours,5,3,1,3,5,3,2,2,1,5,5,5,15,9,5
344,5/11/2022 23:12,21,Male,Single,University Student,"University, Company, Private",Yes,Yes,No,Yes,Yes,Yes,Yes,No,No,Yes,Between 1 and 2 hours,4,4,3,3,5,2,4,2,2,2,4,5,11,9,8
345,5/11/2022 23:16,19,Female,Single,University Student,"School, University, Private",Yes,Yes,No,Yes,Yes,Yes,Yes,Yes,Yes,Yes,More than 5 hours,3,5,4,3,5,4,1,5,1,5,5,5,15,12,7
346,5/11/2022 23:17,21,Female,In a relationship,University Student,University,Yes,Yes,No,Yes,Yes,Yes,Yes,No,No,No,Between 2 and 3 hours,5,4,3,4,4,4,2,3,1,5,4,2,13,12,6
347,5/11/2022 23:22,43,Male,Married,Salaried Worker,Goverment,Yes,Yes,No,No,Yes,No,No,No,No,No,Less than an Hour,2,1,1,1,1,1,1,3,3,1,1,1,3,3,7
348,5/11/2022 23:23,22,Female,Married,University Student,University,Yes,Yes,Yes,Yes,Yes,Yes,Yes,Yes,Yes,Yes,Between 4 and 5 hours,5,5,3,4,4,4,4,1,1,4,2,1,10,13,6
349,5/11/2022 23:27,24,Male,In a relationship,University Student,"University, Company",Yes,Yes,Yes,Yes,Yes,Yes,Yes,Yes,No,No,Between 4 and 5 hours,4,5,3,5,5,5,1,3,1,3,2,1,10,15,5
350,5/11/2022 23:33,18,Female,Single,School Student,School,Yes,Yes,No,No,Yes,No,No,No,No,No,More than 5 hours,5,5,3,3,5,4,1,3,1,5,4,4,14,12,5
351,5/11/2022 23:34,19,Female,Single,University Student,University,Yes,Yes,No,Yes,Yes,Yes,Yes,No,No,No,Between 3 and 4 hours,4,3,1,3,4,4,2,3,1,4,3,5,11,10,6
352,5/11/2022 23:35,37,Female,In a relationship,Salaried Worker,Private,Yes,Yes,No,No,Yes,No,No,No,No,No,Between 1 and 2 hours,2,2,1,3,3,2,2,3,1,3,3,4,9,7,6
353,5/11/2022 23:37,24,Male,Single,University Student,University,Yes,Yes,No,Yes,Yes,No,Yes,Yes,No,No,Between 4 and 5 hours,4,4,2,4,4,5,4,2,3,3,4,5,11,13,9
354,5/11/2022 23:38,29,Female,Single,Salaried Worker,University,Yes,Yes,Yes,Yes,Yes,No,No,Yes,Yes,No,Between 1 and 2 hours,2,2,1,4,5,4,4,2,1,5,2,4,12,10,7
355,5/11/2022 23:40,19,Male,Single,School Student,Private,Yes,Yes,No,Yes,Yes,Yes,Yes,Yes,No,Yes,Between 4 and 5 hours,3,3,2,2,3,2,2,1,3,2,2,2,7,7,6
356,5/11/2022 23:41,35,Male,Married,Salaried Worker,Company,Yes,Yes,No,Yes,Yes,No,Yes,No,No,No,Less than an Hour,2,3,2,2,4,4,2,2,4,3,2,5,9,9,8
357,5/11/2022 23:43,22,Female,Single,University Student,University,Yes,No,Yes,No,No,No,Yes,Yes,No,No,Between 2 and 3 hours,4,5,4,5,5,4,3,3,1,4,4,2,13,14,7
358,5/11/2022 23:54,23,Male,Single,University Student,"University, Company",Yes,Yes,Yes,Yes,Yes,Yes,Yes,No,Yes,No,Between 1 and 2 hours,3,2,2,3,2,2,2,4,2,3,2,3,7,7,8
359,5/11/2022 23:59,22,Female,Single,University Student,University,Yes,No,Yes,Yes,No,No,No,No,No,Yes,More than 5 hours,5,5,5,4,4,4,2,3,2,3,4,1,11,13,7
360,5/12/2022 0:07,25,Male,Single,Salaried Worker,Private,Yes,Yes,No,Yes,Yes,Yes,Yes,No,No,No,Between 2 and 3 hours,4,4,1,5,5,3,5,2,2,4,3,5,12,12,9
361,5/12/2022 0:16,19,Male,Single,School Student,School,Yes,Yes,No,Yes,Yes,No,No,No,No,Yes,Between 4 and 5 hours,3,3,4,3,3,3,4,3,3,3,3,2,9,9,10
362,5/12/2022 0:22,29,Female,Married,Salaried Worker,Private,Yes,Yes,No,Yes,Yes,No,No,No,Yes,No,Between 1 and 2 hours,4,4,1,3,3,3,2,3,1,2,2,4,7,10,6
363,5/12/2022 0:22,21,Female,In a relationship,University Student,"University, Private",Yes,Yes,Yes,Yes,Yes,Yes,No,No,Yes,No,Between 4 and 5 hours,4,5,3,3,3,3,5,1,4,4,3,5,10,11,10
364,5/12/2022 0:26,21,Male,In a relationship,University Student,University,Yes,Yes,No,Yes,Yes,Yes,Yes,No,No,No,Between 4 and 5 hours,4,2,2,2,1,1,1,3,1,2,2,2,5,5,5
365,5/12/2022 0:29,22,Female,Married,University Student,N/A,Yes,Yes,No,Yes,Yes,Yes,Yes,No,No,No,Between 2 and 3 hours,3,2,1,1,1,3,1,1,2,1,2,2,4,6,4
366,5/12/2022 0:30,23,Female,Single,University Student,"University, Company",Yes,Yes,Yes,Yes,Yes,Yes,Yes,Yes,Yes,Yes,Between 4 and 5 hours,5,4,2,4,5,5,5,1,4,5,2,5,12,13,10
367,5/12/2022 0:32,22,Female,In a relationship,University Student,University,Yes,Yes,No,Yes,Yes,No,No,No,No,No,Between 2 and 3 hours,4,5,4,5,3,5,4,3,2,4,4,4,11,15,9
368,5/12/2022 0:41,20,Male,Divorced,University Student,University,Yes,Yes,No,Yes,Yes,Yes,Yes,No,No,No,More than 5 hours,5,5,5,5,5,5,5,5,5,5,5,5,15,15,15
369,5/12/2022 0:49,22,There are others???,In a relationship,Salaried Worker,Company,Yes,Yes,No,Yes,Yes,Yes,No,No,No,No,More than 5 hours,4,5,5,5,1,3,3,4,2,1,2,1,4,13,9
370,5/12/2022 0:52,27,Female,Single,Salaried Worker,Private,Yes,Yes,No,Yes,No,Yes,Yes,No,Yes,Yes,Between 3 and 4 hours,3,3,3,3,4,4,4,4,3,5,3,4,12,10,11
371,5/12/2022 0:54,24,Male,Single,Salaried Worker,Company,Yes,Yes,Yes,Yes,Yes,Yes,Yes,Yes,Yes,No,More than 5 hours,5,2,2,2,4,2,2,3,3,2,1,5,7,6,8
372,5/12/2022 0:55,21,Female,Married,University Student,"University, Company",Yes,Yes,No,Yes,Yes,Yes,No,No,No,No,Between 1 and 2 hours,5,5,2,4,5,5,5,1,5,4,5,5,14,14,11
373,5/12/2022 1:12,23,Female,Single,University Student,University,Yes,No,No,No,Yes,No,No,No,Yes,No,Less than an Hour,3,2,1,1,2,1,1,2,2,3,4,3,9,4,5
374,5/12/2022 1:30,21,Female,Single,University Student,University,Yes,Yes,Yes,Yes,Yes,No,No,Yes,Yes,No,Between 3 and 4 hours,4,4,2,5,4,4,2,3,2,3,3,5,10,13,7
375,5/12/2022 1:36,23,Female,In a relationship,University Student,University,Yes,Yes,Yes,Yes,Yes,Yes,No,No,No,No,Between 2 and 3 hours,4,4,3,3,4,2,4,2,3,2,2,1,8,9,9
376,5/12/2022 2:05,24,Female,In a relationship,University Student,University,Yes,Yes,Yes,Yes,Yes,Yes,Yes,No,Yes,Yes,Between 4 and 5 hours,3,2,2,3,5,3,5,2,3,5,5,4,15,8,10
377,5/12/2022 2:06,21,Male,Single,University Student,University,Yes,Yes,Yes,Yes,Yes,Yes,Yes,Yes,Yes,Yes,Between 4 and 5 hours,3,2,2,3,4,3,1,3,2,5,2,4,11,8,6
378,5/12/2022 2:09,30,Female,Single,Salaried Worker,N/A,Yes,Yes,No,Yes,Yes,No,No,No,No,No,Between 2 and 3 hours,4,5,3,5,5,5,4,2,5,4,5,4,14,15,11
379,5/12/2022 2:10,23,Male,Single,University Student,University,Yes,Yes,Yes,Yes,Yes,Yes,Yes,Yes,No,No,Between 3 and 4 hours,3,4,2,2,5,4,5,5,5,5,2,2,12,10,15
380,5/12/2022 2:18,22,Female,Single,University Student,University,Yes,Yes,No,Yes,Yes,Yes,No,No,No,No,More than 5 hours,4,3,3,3,2,2,3,3,1,1,3,2,6,8,7
381,5/12/2022 2:30,29,Female,Single,University Student,University,Yes,Yes,No,Yes,Yes,Yes,No,No,Yes,Yes,More than 5 hours,5,5,3,5,4,5,5,3,3,5,5,5,14,15,11
382,5/12/2022 3:02,20,Male,Single,University Student,"School, University",Yes,No,No,Yes,Yes,No,Yes,Yes,Yes,No,Between 3 and 4 hours,4,3,2,3,5,5,5,5,5,5,5,1,15,11,15
383,5/12/2022 3:24,26.7,Female,Single,University Student,University,Yes,Yes,No,No,Yes,No,No,No,No,No,More than 5 hours,4,2,2,3,5,3,5,2,3,4,5,5,14,8,10
384,5/12/2022 3:24,24,Male,Single,Salaried Worker,Company,Yes,Yes,Yes,Yes,Yes,Yes,Yes,Yes,Yes,Yes,Between 1 and 2 hours,3,4,1,3,3,2,3,3,4,5,3,3,11,9,10
385,5/12/2022 3:26,26,Male,In a relationship,University Student,University,Yes,Yes,No,Yes,Yes,Yes,No,No,No,No,Between 3 and 4 hours,4,5,3,4,4,4,5,1,2,3,4,3,11,13,8
386,5/12/2022 3:37,22,Male,Single,University Student,"University, Company",Yes,Yes,No,No,Yes,No,Yes,No,No,No,Between 2 and 3 hours,5,4,2,3,3,4,3,4,1,2,2,4,7,11,8
387,5/12/2022 3:47,23,Male,Single,University Student,"University, Private",Yes,Yes,No,Yes,Yes,Yes,Yes,No,Yes,Yes,Between 4 and 5 hours,5,5,2,4,5,3,5,3,2,3,3,4,11,12,10
388,5/12/2022 3:57,19,Male,Single,School Student,School,Yes,Yes,No,Yes,Yes,Yes,Yes,Yes,Yes,No,Between 4 and 5 hours,4,4,2,4,4,4,5,2,4,2,4,4,10,12,11
389,5/12/2022 4:35,21,Female,Single,University Student,University,Yes,No,Yes,Yes,Yes,No,No,No,No,Yes,Between 2 and 3 hours,3,4,3,4,4,4,5,1,2,4,4,2,12,12,8
390,5/12/2022 4:46,20,Female,Single,University Student,University,Yes,Yes,No,Yes,Yes,Yes,Yes,Yes,Yes,Yes,Between 4 and 5 hours,5,5,5,5,5,5,2,3,2,4,4,5,13,15,7
391,5/12/2022 5:24,22,Male,Single,University Student,University,Yes,Yes,No,Yes,Yes,Yes,Yes,No,No,No,More than 5 hours,4,4,4,4,2,3,2,3,4,3,3,4,8,11,9
392,5/12/2022 8:09,22,Male,Single,University Student,University,Yes,Yes,Yes,Yes,Yes,No,Yes,No,Yes,No,More than 5 hours,3,3,3,4,5,5,4,3,1,5,3,3,13,12,8
393,5/12/2022 8:41,23,Male,Single,University Student,University,Yes,Yes,Yes,Yes,Yes,Yes,Yes,Yes,No,No,More than 5 hours,5,4,4,5,5,5,2,3,1,5,5,5,15,14,6
394,5/12/2022 9:25,22,Female,Single,University Student,University,Yes,Yes,No,Yes,Yes,Yes,Yes,No,No,No,More than 5 hours,4,5,5,5,5,5,5,2,4,5,4,1,14,15,11
395,5/12/2022 10:10,20,Female,In a relationship,School Student,"Company, Private",Yes,Yes,Yes,Yes,Yes,Yes,Yes,No,Yes,Yes,More than 5 hours,5,4,2,3,3,2,1,3,3,2,2,2,7,9,7
396,5/12/2022 10:57,27,Female,Married,Salaried Worker,Private,Yes,Yes,No,Yes,Yes,No,No,No,Yes,No,Between 1 and 2 hours,4,2,1,2,3,1,2,3,4,2,2,1,7,5,9
397,5/12/2022 11:06,22,Female,Single,University Student,University,Yes,Yes,No,Yes,Yes,Yes,No,No,No,No,More than 5 hours,5,4,4,4,4,4,2,4,3,5,4,3,13,12,9
398,5/12/2022 11:06,21,Female,Single,University Student,University,Yes,Yes,No,No,No,No,No,No,No,No,More than 5 hours,4,4,3,5,4,5,4,3,4,5,5,5,14,14,11
399,5/12/2022 13:15,21,Female,Single,University Student,University,Yes,Yes,Yes,Yes,Yes,Yes,No,No,Yes,No,Between 2 and 3 hours,2,1,4,2,2,2,3,3,2,1,4,4,7,5,8
400,5/12/2022 13:23,24,Female,Single,University Student,N/A,Yes,Yes,No,Yes,Yes,Yes,No,No,No,No,Between 4 and 5 hours,3,4,1,5,4,5,3,3,4,5,5,5,14,14,10
401,5/12/2022 17:12,19,Male,Single,University Student,University,Yes,Yes,Yes,Yes,Yes,No,No,No,No,No,Between 3 and 4 hours,4,2,3,3,4,3,2,2,2,4,4,3,12,8,6
402,5/12/2022 18:11,52,Male,Married,Salaried Worker,Private,Yes,Yes,No,No,Yes,No,No,No,No,No,Between 1 and 2 hours,2,2,3,3,3,2,3,2,2,3,2,4,8,7,7
403,5/12/2022 18:16,26,Male,Single,University Student,University,Yes,Yes,No,Yes,Yes,No,No,Yes,Yes,Yes,More than 5 hours,5,4,3,4,4,4,3,3,2,3,4,5,11,12,8
404,5/12/2022 18:33,44,Male,Married,Salaried Worker,Private,Yes,Yes,No,No,No,No,No,No,No,No,Less than an Hour,1,1,1,2,1,1,1,1,1,1,1,1,3,4,3
405,5/12/2022 18:36,44,Male,Married,Salaried Worker,Private,Yes,Yes,No,No,No,No,No,No,No,No,Less than an Hour,1,1,1,1,1,1,1,1,1,1,1,1,3,3,3
406,5/12/2022 18:58,19,Female,Single,University Student,University,Yes,Yes,No,No,Yes,No,Yes,No,Yes,No,Between 3 and 4 hours,4,5,2,4,5,3,5,5,1,5,4,5,14,12,11
407,5/12/2022 19:12,35,Male,Single,Salaried Worker,Private,Yes,Yes,No,No,No,Yes,No,Yes,No,No,Between 3 and 4 hours,5,5,5,5,5,5,5,1,1,5,5,5,15,15,7
408,5/12/2022 19:12,21,Female,In a relationship,University Student,University,Yes,Yes,No,Yes,No,Yes,No,No,No,No,More than 5 hours,3,5,2,5,3,5,4,2,4,4,3,3,10,15,10
409,5/12/2022 19:12,20,Female,Single,University Student,University,Yes,Yes,No,Yes,No,No,No,No,No,Yes,Between 4 and 5 hours,4,5,5,5,5,5,2,2,1,4,5,1,14,15,5
410,5/12/2022 19:15,24,Female,In a relationship,University Student,Private,Yes,Yes,Yes,Yes,Yes,No,No,Yes,No,No,More than 5 hours,5,2,4,2,5,1,3,2,4,4,2,5,11,5,9
411,5/12/2022 19:23,21,Female,Single,University Student,"School, University",Yes,Yes,No,Yes,Yes,No,No,Yes,Yes,No,Between 3 and 4 hours,4,4,3,5,5,5,5,1,1,3,3,1,11,14,7
412,5/12/2022 19:40,24,Male,Single,University Student,University,Yes,Yes,No,Yes,Yes,No,Yes,Yes,No,No,More than 5 hours,3,4,4,4,3,3,2,3,1,3,3,3,9,11,6
413,5/12/2022 19:41,21,Female,In a relationship,University Student,University,Yes,Yes,No,Yes,Yes,Yes,No,No,No,No,Between 3 and 4 hours,5,3,3,5,5,5,5,3,1,5,4,5,14,13,9
414,5/12/2022 19:47,17,Male,Single,School Student,School,Yes,Yes,No,Yes,Yes,No,Yes,No,No,No,More than 5 hours,2,4,3,5,5,5,3,2,1,5,4,5,14,14,6
415,5/12/2022 19:51,26,Female,In a relationship,University Student,University,Yes,Yes,No,No,No,No,No,No,No,No,Between 4 and 5 hours,4,4,2,4,3,4,3,3,2,4,3,4,10,12,8
416,5/12/2022 20:08,18,Male,Single,School Student,School,Yes,Yes,Yes,Yes,Yes,Yes,Yes,No,No,Yes,Between 3 and 4 hours,4,5,4,5,5,4,4,3,3,5,3,5,13,14,10
417,5/12/2022 20:13,18,Female,Single,School Student,"School, N/A",Yes,Yes,No,Yes,Yes,No,Yes,No,No,No,Between 3 and 4 hours,2,1,1,3,3,2,1,3,1,2,2,2,7,6,5
418,5/12/2022 20:17,18,Female,In a relationship,School Student,School,Yes,Yes,No,Yes,Yes,Yes,No,Yes,Yes,Yes,Between 3 and 4 hours,5,3,4,3,4,4,1,3,1,3,5,5,12,10,5
419,5/12/2022 21:00,23,Male,Single,University Student,University,Yes,Yes,No,Yes,Yes,Yes,Yes,No,No,No,Between 3 and 4 hours,3,4,2,4,5,4,2,3,2,4,3,3,12,12,7
420,5/12/2022 21:06,20,Male,Single,University Student,University,Yes,Yes,No,Yes,Yes,Yes,Yes,No,No,No,Between 1 and 2 hours,4,5,3,5,2,5,1,2,3,3,2,1,7,15,6
421,5/12/2022 21:10,23,Male,Single,University Student,University,Yes,Yes,No,Yes,Yes,Yes,Yes,No,No,No,More than 5 hours,4,4,3,4,5,4,4,3,2,3,3,5,11,12,9
422,5/12/2022 21:13,25,Male,In a relationship,University Student,University,Yes,Yes,Yes,Yes,Yes,No,Yes,Yes,Yes,No,Less than an Hour,2,2,3,2,3,3,3,4,3,2,2,4,7,7,10
423,5/12/2022 21:25,26,Male,Single,Salaried Worker,Private,Yes,Yes,No,Yes,Yes,No,No,Yes,No,No,Between 2 and 3 hours,4,3,3,3,5,4,4,1,4,5,5,4,15,10,9
424,5/12/2022 21:31,20,Male,In a relationship,University Student,"School, University",Yes,Yes,Yes,Yes,Yes,Yes,Yes,No,No,Yes,More than 5 hours,4,5,3,4,5,4,5,2,4,4,4,5,13,13,11
425,5/12/2022 21:33,19,Male,In a relationship,School Student,School,Yes,Yes,No,Yes,Yes,Yes,Yes,Yes,Yes,No,Between 1 and 2 hours,4,3,1,3,4,2,2,3,3,1,4,3,9,8,8
426,5/12/2022 21:45,17,Female,Single,School Student,N/A,Yes,Yes,No,Yes,Yes,No,No,No,Yes,No,Between 2 and 3 hours,4,1,3,2,5,4,5,5,1,4,4,1,13,7,11
427,5/12/2022 21:53,24,Female,Married,University Student,University,Yes,Yes,No,Yes,Yes,Yes,No,No,No,No,Between 3 and 4 hours,4,3,5,3,3,5,4,2,3,3,3,3,9,11,9
428,5/12/2022 23:01,29,Female,Married,Salaried Worker,Company,Yes,Yes,No,Yes,Yes,No,No,No,Yes,No,More than 5 hours,5,5,5,4,5,4,3,3,4,4,4,3,13,13,10
429,5/12/2022 23:13,30,Female,Married,Retired,N/A,Yes,Yes,No,Yes,Yes,No,No,No,No,No,Between 3 and 4 hours,1,5,1,2,3,3,2,4,3,3,3,2,9,10,9
430,5/12/2022 23:56,21,Female,Single,University Student,University,Yes,Yes,Yes,Yes,Yes,Yes,Yes,No,No,Yes,Between 3 and 4 hours,4,5,4,4,5,5,5,1,3,5,4,4,14,14,9
431,5/13/2022 0:15,23,Male,Single,University Student,University,Yes,Yes,No,Yes,Yes,Yes,Yes,Yes,Yes,No,More than 5 hours,4,3,2,4,4,4,3,3,3,5,5,5,14,11,9
432,5/13/2022 0:21,21,Male,Single,University Student,University,Yes,Yes,No,Yes,Yes,Yes,Yes,Yes,Yes,No,More than 5 hours,5,5,2,3,4,3,4,4,4,5,3,5,12,11,12
433,5/13/2022 0:27,20,Female,Single,University Student,University,Yes,Yes,No,Yes,Yes,No,Yes,No,No,No,More than 5 hours,3,5,3,5,5,5,5,5,5,5,5,5,15,15,15
434,5/13/2022 1:06,21,Male,Single,University Student,University,Yes,Yes,Yes,Yes,Yes,Yes,Yes,Yes,No,No,Between 4 and 5 hours,4,3,2,5,5,4,5,1,3,5,5,5,15,12,9
435,5/13/2022 1:16,22,Female,Single,University Student,University,Yes,No,No,No,Yes,No,No,No,No,No,Between 4 and 5 hours,3,1,2,3,4,2,2,1,1,4,3,5,11,6,4
436,5/13/2022 1:20,22,Female,Single,University Student,University,Yes,Yes,No,Yes,No,No,No,No,No,No,Between 2 and 3 hours,3,2,2,2,5,3,5,2,5,3,3,5,11,7,12
437,5/13/2022 1:25,22,Female,In a relationship,University Student,University,Yes,Yes,No,Yes,No,Yes,No,No,No,No,More than 5 hours,1,5,2,3,5,2,1,2,2,3,3,4,11,10,5
438,5/13/2022 1:27,27,Female,In a relationship,Salaried Worker,Private,Yes,Yes,No,Yes,Yes,No,No,Yes,No,Yes,Between 4 and 5 hours,4,3,3,4,3,3,4,2,4,2,1,2,6,10,10
439,5/13/2022 1:30,21,Male,Single,University Student,University,Yes,Yes,No,Yes,Yes,No,No,No,No,No,More than 5 hours,5,4,2,2,2,3,2,3,1,2,2,5,6,9,6
440,5/13/2022 1:46,23,Male,In a relationship,University Student,University,Yes,Yes,No,Yes,Yes,Yes,Yes,Yes,No,Yes,Between 4 and 5 hours,4,3,2,4,4,3,4,4,4,4,3,4,11,10,12
441,5/13/2022 1:50,22,Male,In a relationship,University Student,University,Yes,Yes,No,Yes,Yes,No,Yes,No,No,No,Between 3 and 4 hours,4,4,5,4,2,4,3,3,4,2,3,4,7,12,10
442,5/13/2022 3:51,21,Female,In a relationship,University Student,"University, Private",Yes,No,No,No,Yes,No,No,No,No,No,Between 3 and 4 hours,3,4,4,3,3,3,2,5,3,1,3,2,7,10,10
443,5/13/2022 4:00,23,Male,Single,University Student,"University, Company",Yes,Yes,No,No,Yes,No,Yes,Yes,No,No,Between 2 and 3 hours,4,2,1,2,3,2,3,3,1,3,2,2,8,6,7
444,5/13/2022 10:05,21,Female,Single,University Student,University,Yes,Yes,Yes,Yes,Yes,No,No,No,Yes,No,More than 5 hours,4,5,3,4,4,4,3,3,4,4,4,3,12,13,10
445,5/13/2022 11:00,20,Male,Single,University Student,"University, Private",Yes,Yes,No,Yes,Yes,No,No,No,No,No,Between 4 and 5 hours,5,3,2,3,4,2,2,4,3,3,4,3,11,8,9
446,5/13/2022 11:12,23,Male,Single,University Student,University,Yes,Yes,No,Yes,Yes,No,Yes,Yes,Yes,No,Between 1 and 2 hours,2,1,1,2,5,3,3,4,1,3,2,4,10,6,8
447,5/13/2022 13:43,22,Female,In a relationship,University Student,University,Yes,Yes,No,Yes,Yes,Yes,No,No,Yes,Yes,Between 3 and 4 hours,3,5,3,5,5,5,5,3,3,5,4,5,14,15,11
448,5/13/2022 14:28,20,Female,In a relationship,University Student,University,Yes,Yes,No,Yes,Yes,Yes,No,No,No,No,More than 5 hours,5,3,4,3,5,5,5,1,4,5,5,3,15,11,10
449,5/13/2022 16:26,21,Male,Single,University Student,University,Yes,Yes,No,Yes,Yes,Yes,Yes,No,No,No,Between 3 and 4 hours,4,4,4,4,4,5,4,1,4,4,4,5,12,13,9
450,5/13/2022 16:32,25,Female,Single,University Student,University,Yes,Yes,Yes,Yes,Yes,No,No,No,Yes,No,Between 2 and 3 hours,3,5,2,2,3,3,1,3,1,2,4,5,9,10,5
451,5/13/2022 17:13,21,Female,Single,University Student,University,Yes,Yes,No,Yes,No,No,Yes,No,No,No,Between 3 and 4 hours,2,2,1,4,4,4,2,1,1,2,2,2,8,10,4
452,5/13/2022 17:32,28,Female,Single,University Student,University,Yes,Yes,No,Yes,Yes,No,Yes,Yes,No,No,Between 4 and 5 hours,4,3,1,4,5,4,1,3,1,4,1,5,10,11,5
453,5/13/2022 19:02,22,Female,Single,Salaried Worker,Private,Yes,Yes,No,Yes,Yes,Yes,Yes,Yes,Yes,Yes,Between 3 and 4 hours,1,1,1,5,3,5,1,1,1,3,4,3,10,11,3
454,5/13/2022 19:48,60,Male,Single,Retired,N/A,Yes,Yes,No,No,Yes,No,No,No,No,No,Between 2 and 3 hours,1,2,1,1,1,1,3,3,3,1,1,1,3,4,9
455,5/13/2022 20:50,49,Male,Married,Salaried Worker,School,Yes,Yes,No,No,Yes,No,No,No,Yes,No,Less than an Hour,3,4,3,3,4,3,3,3,3,3,2,2,9,10,9
456,5/13/2022 21:40,34,Female,Married,Salaried Worker,Private,Yes,Yes,No,Yes,Yes,No,No,No,No,No,Less than an Hour,2,1,1,1,1,1,3,4,1,1,2,1,4,3,8
457,5/13/2022 22:43,56,Male,Married,Salaried Worker,Company,Yes,Yes,Yes,No,Yes,No,No,No,Yes,No,Between 2 and 3 hours,1,1,1,1,1,1,1,1,1,1,1,2,3,3,3
458,5/13/2022 23:36,51,Male,Married,Salaried Worker,Private,Yes,Yes,Yes,Yes,Yes,No,No,No,No,No,Between 1 and 2 hours,3,2,3,4,2,3,4,3,3,2,2,4,6,9,10
459,5/14/2022 0:01,23,Female,Single,School Student,University,Yes,Yes,No,No,No,No,No,No,No,No,Between 2 and 3 hours,3,3,3,3,3,2,2,3,3,4,2,2,9,8,8
460,5/14/2022 2:16,21,Female,Single,University Student,University,Yes,Yes,No,No,Yes,No,Yes,No,No,No,Between 4 and 5 hours,3,5,3,3,3,2,3,3,1,2,2,3,7,10,7
461,5/14/2022 7:11,50,Male,Married,University Student,Private,Yes,Yes,No,Yes,No,No,No,No,No,No,Between 1 and 2 hours,1,1,1,1,1,1,1,1,1,1,1,1,3,3,3
462,5/14/2022 7:23,22,Female,Single,University Student,University,Yes,No,Yes,Yes,Yes,No,No,No,No,No,Between 3 and 4 hours,2,2,1,4,5,5,1,4,1,3,5,2,13,11,6
463,5/14/2022 11:26,28,Female,Married,Salaried Worker,Private,Yes,Yes,No,Yes,Yes,No,No,No,Yes,No,Between 2 and 3 hours,5,4,1,5,4,5,2,2,2,5,5,2,14,14,6
464,5/14/2022 11:44,13,Male,Single,School Student,School,Yes,No,No,Yes,Yes,No,Yes,No,No,No,Between 4 and 5 hours,3,4,1,3,3,1,1,3,1,3,3,4,9,8,5
465,5/14/2022 11:46,14,Male,Single,School Student,School,Yes,No,No,Yes,No,No,Yes,No,No,No,Between 2 and 3 hours,3,4,2,4,3,2,1,3,1,2,3,1,8,10,5
466,5/14/2022 12:12,13,Male,Single,School Student,School,Yes,No,Yes,Yes,Yes,No,Yes,No,Yes,No,More than 5 hours,4,4,3,4,2,4,2,3,2,2,3,2,7,12,7
467,5/14/2022 13:40,23,Male,In a relationship,School Student,"University, Private",Yes,Yes,No,Yes,Yes,No,Yes,No,No,No,Between 4 and 5 hours,2,4,2,3,4,4,1,3,1,3,2,3,9,11,5
468,5/14/2022 16:16,18,Male,Single,University Student,University,Yes,No,No,No,No,No,Yes,Yes,No,No,Between 1 and 2 hours,3,3,1,3,2,1,1,2,1,1,2,4,5,7,4
469,5/14/2022 17:33,18,Male,Single,School Student,"School, N/A",Yes,No,No,No,No,No,No,No,Yes,No,More than 5 hours,2,3,1,3,5,3,5,1,2,5,2,1,12,9,8
470,5/14/2022 17:33,15,Male,Single,School Student,School,Yes,No,No,Yes,Yes,No,Yes,Yes,No,No,Between 4 and 5 hours,1,1,1,3,3,3,3,3,3,1,1,1,5,7,9
471,5/15/2022 2:48,20,Female,Single,University Student,Company,Yes,No,No,Yes,Yes,Yes,Yes,Yes,Yes,Yes,Between 1 and 2 hours,2,2,1,3,5,3,5,1,2,5,4,5,14,8,8
472,5/16/2022 20:20,20,Female,Single,University Student,University,Yes,Yes,No,Yes,Yes,No,No,No,No,No,More than 5 hours,5,4,2,4,5,3,1,3,2,4,3,4,12,11,6
473,5/17/2022 17:12,35,Female,Married,Salaried Worker,Company,Yes,Yes,No,Yes,Yes,No,No,No,No,No,Between 1 and 2 hours,3,2,2,3,3,2,1,2,2,2,4,4,9,7,5
474,5/18/2022 2:12,26,Female,Married,University Student,N/A,Yes,Yes,No,No,Yes,No,No,No,No,Yes,Between 2 and 3 hours,4,4,3,3,4,4,4,5,3,4,3,4,11,11,12
475,5/21/2022 22:19,30,Female,Married,Salaried Worker,University,Yes,Yes,No,Yes,Yes,No,No,No,No,No,Between 4 and 5 hours,2,4,4,3,4,5,4,2,2,4,2,1,10,12,8
476,5/21/2022 22:33,32,Female,Married,Salaried Worker,Private,Yes,Yes,No,Yes,No,No,No,No,No,No,Between 3 and 4 hours,5,5,3,5,5,5,5,1,4,5,5,4,15,15,10
477,5/21/2022 23:38,24,Male,Single,Salaried Worker,"University, Private",Yes,Yes,No,Yes,Yes,No,No,No,No,No,Between 2 and 3 hours,3,4,3,4,3,4,4,2,4,3,4,4,10,12,10
478,5/22/2022 0:01,26,Female,Married,Salaried Worker,University,Yes,Yes,No,No,Yes,No,No,No,No,No,Between 1 and 2 hours,2,1,2,3,4,4,4,2,4,4,4,1,12,8,10
479,5/22/2022 10:29,29,Female,Married,Salaried Worker,University,Yes,Yes,No,No,Yes,No,No,No,No,No,Between 2 and 3 hours,3,3,4,3,2,3,3,3,4,2,2,2,6,9,10
480,7/14/2022 19:33,21,Male,Single,University Student,University,Yes,Yes,Yes,Yes,Yes,No,Yes,No,Yes,No,Between 2 and 3 hours,2,3,2,3,3,2,2,3,4,4,5,4,12,8,9
481,11/12/2022 13:16,53,Male,Married,Salaried Worker,Private,Yes,Yes,No,No,Yes,No,No,No,No,No,Less than an Hour,2,3,1,3,1,1,3,3,2,2,2,3,5,7,8
